id	conversation_id	created_at	date	time	timezone	user_id	username	name	place	tweet	language	mentions	urls	photos	replies_count	retweets_count	likes_count	hashtags	cashtags	link	retweet	quote_url	video	thumbnail	near	geo	source	user_rt_id	user_rt	retweet_id	reply_to	retweet_date	translate	trans_src	trans_dest
218398603297824768	218398603297824768	2012-06-28 13:40:59 EDT	2012-06-28	13:40:59	-0400	77250424	repjerrylewis	Rep. Jerry Lewis		My press release on #SCOTUS decision:  http://t.co/6CbjvDLk	en	[]	['http://jerrylewis.house.gov/showarticle.asp?ID=365']	[]	4	2	3	['scotus']	[]	https://twitter.com/RepJerryLewis/status/218398603297824768	False		0								[]				
218365533043703808	218365533043703808	2012-06-28 11:29:34 EDT	2012-06-28	11:29:34	-0400	77250424	repjerrylewis	Rep. Jerry Lewis		I respectfully disagree with the Court's decision and remain committed to repeal &amp; replace. Decision here:  http://t.co/aDEyUtg3 #fullrepeal	en	[]	['http://www.supremecourt.gov/opinions/11pdf/11-393c3a2.pdf']	[]	5	5	2	['fullrepeal']	[]	https://twitter.com/RepJerryLewis/status/218365533043703808	False		0								[]				
194787030155280386	194787030155280386	2012-04-24 09:57:01 EDT	2012-04-24	09:57:01	-0400	77250424	repjerrylewis	Rep. Jerry Lewis		Victory for the Mojave Veterans Memorial - the land transfer will finally be completed so the cross can be restored.  http://t.co/JMiElZoZ	en	[]	['http://bit.ly/JUL4IJ']	[]	1	2	1	[]	[]	https://twitter.com/RepJerryLewis/status/194787030155280386	False		0								[]				
191910985215393792	191910985215393792	2012-04-16 11:28:39 EDT	2012-04-16	11:28:39	-0400	77250424	repjerrylewis	Rep. Jerry Lewis		It is time to show leadership in Washington.  Let's stop wasting time scapegoating and petty partisan...  http://t.co/6ZsmPDoU	en	[]	['http://fb.me/1r1AqGUX6']	[]	3	3	0	[]	[]	https://twitter.com/RepJerryLewis/status/191910985215393792	False		0								[]				
191899074755170304	191899074755170304	2012-04-16 10:41:19 EDT	2012-04-16	10:41:19	-0400	77250424	repjerrylewis	Rep. Jerry Lewis		It's time to stop the partisan fingerpointing and show leadership in Washington. See my Press-Enterprise editorial.  http://t.co/NbQaV8Z3	en	[]	['http://shar.es/rJ4Ce']	[]	2	3	0	[]	[]	https://twitter.com/RepJerryLewis/status/191899074755170304	False		0								[]				
186889223213813760	186889223213813760	2012-04-02 14:53:57 EDT	2012-04-02	14:53:57	-0400	77250424	repjerrylewis	Rep. Jerry Lewis		No April Fools: US now has world's highest business tax rate. We need tax reform to allow our economy to grow.  http://t.co/Fgs4MMcr	en	[]	['http://bit.ly/HrUspl']	[]	0	4	1	[]	[]	https://twitter.com/RepJerryLewis/status/186889223213813760	False		0								[]				
157530587551375360	157530587551375360	2012-01-12 13:33:13 EST	2012-01-12	13:33:13	-0400	77250424	repjerrylewis	Rep. Jerry Lewis		After much consideration, my wife Arlene and I have decided to retire from public life.  http://t.co/jTXPOqNb	en	[]	['http://jerrylewis.house.gov/showarticle.asp?ID=361']	[]	3	12	1	[]	[]	https://twitter.com/RepJerryLewis/status/157530587551375360	False		0								[]				
126341866378633217	126341866378633217	2011-10-18 13:00:22 EDT	2011-10-18	13:00:22	-0400	77250424	repjerrylewis	Rep. Jerry Lewis		House Resources field hearing in Highland on Santa Ana Sucker starts at 10am pst (correction).  You can watch live now:  http://t.co/KemcwWpR	en	[]	['http://goo.gl/BP3ns']	[]	2	1	1	[]	[]	https://twitter.com/RepJerryLewis/status/126341866378633217	False		0								[]				
126315581459804160	126315581459804160	2011-10-18 11:15:56 EDT	2011-10-18	11:15:56	-0400	77250424	repjerrylewis	Rep. Jerry Lewis		The @NatResources Cmt is holding a field hearing in Highland at 2p pst on SantaAna Sucker putting jobs & water at risk   http://t.co/Cz1W4iyq	en	[{'screen_name': 'natresources', 'name': 'natural resources gop', 'id': '41445718'}]	['http://goo.gl/SR1ja']	[]	0	5	1	[]	[]	https://twitter.com/RepJerryLewis/status/126315581459804160	False		0								[]				
120196797695135744	120196797695135744	2011-10-01 14:02:04 EDT	2011-10-01	14:02:04	-0400	77250424	repjerrylewis	Rep. Jerry Lewis		We have started a telephone townhall with folks in the High Desert and Mountain Communities. If you don't get the...  http://t.co/gJQPMX3R	en	[]	['http://fb.me/1f6qSbtuv']	[]	1	2	1	[]	[]	https://twitter.com/RepJerryLewis/status/120196797695135744	False		0								[]				
120187173508091904	120187173508091904	2011-10-01 13:23:49 EDT	2011-10-01	13:23:49	-0400	77250424	repjerrylewis	Rep. Jerry Lewis		I'll be holding a teletownhall today with the High Desert and mountains at 11am pst. Listen online at  http://t.co/aAW9z0q2	en	[]	['http://bit.ly/pAm1Ru']	[]	0	1	1	[]	[]	https://twitter.com/RepJerryLewis/status/120187173508091904	False		0								[]				
119232992068644864	119232992068644864	2011-09-28 22:12:15 EDT	2011-09-28	22:12:15	-0400	77250424	repjerrylewis	Rep. Jerry Lewis		Thanks to everyone who joined me for the teletownhall tonight. I'll let you know when I hold my next one soon.	en	[]	[]	[]	1	2	1	[]	[]	https://twitter.com/RepJerryLewis/status/119232992068644864	False		0								[]				
119216169872916481	119216169872916481	2011-09-28 21:05:24 EDT	2011-09-28	21:05:24	-0400	77250424	repjerrylewis	Rep. Jerry Lewis		We've started our telephone townhall if you want to join us on the webcast at  http://t.co/B5OpR8yg	en	[]	['http://jerrylewis.house.gov']	[]	0	2	1	[]	[]	https://twitter.com/RepJerryLewis/status/119216169872916481	False		0								[]				
119210675057868800	119210675057868800	2011-09-28 20:43:34 EDT	2011-09-28	20:43:34	-0400	77250424	repjerrylewis	Rep. Jerry Lewis		I'm hosting a telephone townhall tonight at 6pm pst with communities including Highland, Redlands, Loma Linda, San...  http://t.co/UCgz2lu7	en	[]	['http://fb.me/KtmYsFO9']	[]	0	3	1	[]	[]	https://twitter.com/RepJerryLewis/status/119210675057868800	False		0								[]				
119209872364544000	119209872364544000	2011-09-28 20:40:23 EDT	2011-09-28	20:40:23	-0400	77250424	repjerrylewis	Rep. Jerry Lewis		I have a teletownhall tonight with Highland/Loma Linda/ Redlands/SB/Yucaipa at 6pm pst.  Join us live on the webcast:   http://t.co/aAW9z0q2	en	[]	['http://bit.ly/pAm1Ru']	[]	0	2	1	[]	[]	https://twitter.com/RepJerryLewis/status/119209872364544000	False		0								[]				
104576090219098112	104576090219098112	2011-08-19 11:30:57 EDT	2011-08-19	11:30:57	-0400	77250424	repjerrylewis	Rep. Jerry Lewis		FYI: Article on event I attended yesterday in SB, celebrating 1yr of training skilled workers & helping them find #jobs  http://t.co/YerjgKV	en	[]	['http://bit.ly/oD5Fkv']	[]	2	1	0	['jobs']	[]	https://twitter.com/RepJerryLewis/status/104576090219098112	False		0								[]				
98157951780524032	98157951780524032	2011-08-01 18:27:34 EDT	2011-08-01	18:27:34	-0400	77250424	repjerrylewis	Rep. Jerry Lewis		My press release praising House leaders for compromise plan, but expressing my concerns about dangerous cuts to defense  http://t.co/Cahiu0I	en	[]	['http://bit.ly/p99G8Z']	[]	1	3	1	[]	[]	https://twitter.com/RepJerryLewis/status/98157951780524032	False		0								[]				
98051573896314881	98051573896314881	2011-08-01 11:24:51 EDT	2011-08-01	11:24:51	-0400	77250424	repjerrylewis	Rep. Jerry Lewis		For more info on the debt deal, a link to @SpeakerBoehner 's presentation:  http://t.co/P27BAK3 and a link to the bill:  http://t.co/F2Wlwnb	en	[{'screen_name': 'speakerboehner', 'name': 'john boehner', 'id': '7713202'}]	['http://bit.ly/rfq59X', 'http://1.usa.gov/qpLpct']	[]	1	2	0	[]	[]	https://twitter.com/RepJerryLewis/status/98051573896314881	False		0								[]				
97370991889612800	97370991889612800	2011-07-30 14:20:28 EDT	2011-07-30	14:20:28	-0400	77250424	repjerrylewis	Rep. Jerry Lewis		My floor speech on the #debtceiling using Sen. Obama's own words in '06 on the debt.Will the real Obama please stand up?  http://t.co/WzkmBya	en	[]	['http://bit.ly/rfuVb2']	[]	4	2	0	['debtceiling']	[]	https://twitter.com/RepJerryLewis/status/97370991889612800	False		0								[]				
97045280666558465	97045280666558465	2011-07-29 16:46:12 EDT	2011-07-29	16:46:12	-0400	77250424	repjerrylewis	Rep. Jerry Lewis		I support @SpeakerBoehner 's plan to reduce federal spending and prevent default. My full press release:   http://t.co/2C2wxYM  #debt #BBA	en	[{'screen_name': 'speakerboehner', 'name': 'john boehner', 'id': '7713202'}]	['http://bit.ly/p2wQte']	[]	9	1	0	['debt', 'bba']	[]	https://twitter.com/RepJerryLewis/status/97045280666558465	False		0								[]				
97025608198000640	97025608198000640	2011-07-29 15:28:02 EDT	2011-07-29	15:28:02	-0400	77250424	repjerrylewis	Rep. Jerry Lewis		I am always happy to hear from my constituents.  You can call or visit  http://t.co/QOONf9i to write me a note	en	[]	['http://jerrylewis.house.gov']	[]	6	2	1	[]	[]	https://twitter.com/RepJerryLewis/status/97025608198000640	False		0								[]				
96219583056322561	95892115879501824	2011-07-27 10:05:10 EDT	2011-07-27	10:05:10	-0400	77250424	repjerrylewis	Rep. Jerry Lewis		@MrsDrDan Thank you for stopping by my office yesterday.  Always appreciate hearing from my constituents.	en	[]	[]	[]	12	0	0	[]	[]	https://twitter.com/RepJerryLewis/status/96219583056322561	False		0								[]				
96218827225972737	96218827225972737	2011-07-27 10:02:10 EDT	2011-07-27	10:02:10	-0400	77250424	repjerrylewis	Rep. Jerry Lewis		Continuing our Approps Committee work to reign in spending, Foreign Ops bill in Subcomm this morning.  Details:   http://t.co/zBCGlel #budget	en	[]	['http://1.usa.gov/niFI5p']	[]	1	1	0	['budget']	[]	https://twitter.com/RepJerryLewis/status/96218827225972737	False		0								[]				
88670054832553984	88670054832553984	2011-07-06 14:06:03 EDT	2011-07-06	14:06:03	-0400	77250424	repjerrylewis	Rep. Jerry Lewis		Mr. President, in light of finding OBL in plain sight, do you think the Pakistan Govt is good faith partner in the War on Terror? #AskObama	en	[]	[]	[]	0	0	1	['askobama']	[]	https://twitter.com/RepJerryLewis/status/88670054832553984	False		0								[]				
88626587825750016	88626587825750016	2011-07-06 11:13:19 EDT	2011-07-06	11:13:19	-0400	77250424	repjerrylewis	Rep. Jerry Lewis		The President will be hosting a twitter townhall today.  Make sure and get your questions in using the hashtag...  http://fb.me/C0gRfD9Y	en	[]	[]	[]	0	2	1	[]	[]	https://twitter.com/RepJerryLewis/status/88626587825750016	False		0								[]				
88623919296299008	88623919296299008	2011-07-06 11:02:43 EDT	2011-07-06	11:02:43	-0400	77250424	repjerrylewis	Rep. Jerry Lewis		How do we create jobs and fix economy without solving our budget and debt crisis? Where is your leadership Mr. President? #AskObama #4jobs	en	[]	[]	[]	0	3	1	['askobama', '4jobs']	[]	https://twitter.com/RepJerryLewis/status/88623919296299008	False		0								[]				
83896070828068864	83896070828068864	2011-06-23 09:55:56 EDT	2011-06-23	09:55:56	-0400	77250424	repjerrylewis	Rep. Jerry Lewis		My statement urging the President to listen to the advice of military leaders in Afghanistan, not score political pts.  http://t.co/bHuB8tO	en	[]	['http://bit.ly/k7CBLw']	[]	1	0	0	[]	[]	https://twitter.com/RepJerryLewis/status/83896070828068864	False		0								[]				
80645163654987776	80645163654987776	2011-06-14 10:37:59 EDT	2011-06-14	10:37:59	-0400	77250424	repjerrylewis	Rep. Jerry Lewis		Thanks to @HouseAppropsGOP , watch the DOD funding bill be marked up in committee right now:  http://t.co/6OITz8p	en	[{'screen_name': 'houseappropsgop', 'name': 'appropriations republicans', 'id': '301549400'}]	['http://1.usa.gov/kbtUr0']	[]	0	0	0	[]	[]	https://twitter.com/RepJerryLewis/status/80645163654987776	False		0								[]				
80644596417310721	80644596417310721	2011-06-14 10:35:44 EDT	2011-06-14	10:35:44	-0400	77250424	repjerrylewis	Rep. Jerry Lewis		In HAC this morning working on DOD bill, Ag bill on the floor this afternoon. Proud we are getting back to regular order and open rules.	en	[]	[]	[]	0	0	0	[]	[]	https://twitter.com/RepJerryLewis/status/80644596417310721	False		0								[]				
73035540622094337	73035540622094337	2011-05-24 10:40:04 EDT	2011-05-24	10:40:04	-0400	77250424	repjerrylewis	Rep. Jerry Lewis		Approps Committee breaking for Prime Minister @Netanyahu speech to Joint Meeting of Congress at 11 AM. Watch online @  http://houselive.gov/	en	[{'screen_name': 'netanyahu', 'name': 'benjamin netanyahu', 'id': '17061263'}]	[]	[]	0	0	0	[]	[]	https://twitter.com/RepJerryLewis/status/73035540622094337	False		0								[]				
73029933710049281	73029933710049281	2011-05-24 10:17:47 EDT	2011-05-24	10:17:47	-0400	77250424	repjerrylewis	Rep. Jerry Lewis		Glad the House Approps Committee is getting back to regular order and fiscal responsibility. Marking up DHS and MilCon bills today for FY12.	en	[]	[]	[]	0	0	0	[]	[]	https://twitter.com/RepJerryLewis/status/73029933710049281	False		0								[]				
65116241735589888	65116241735589888	2011-05-02 14:11:36 EDT	2011-05-02	14:11:36	-0400	77250424	repjerrylewis	Rep. Jerry Lewis		Congress will continue to provide the resources to fight the battle against those who would sacrifice innocent lives for #terrorist purposes	en	[]	[]	[]	0	1	0	['terrorist']	[]	https://twitter.com/RepJerryLewis/status/65116241735589888	False		0								[]				
58268745885425664	58268745885425664	2011-04-13 16:42:06 EDT	2011-04-13	16:42:06	-0400	77250424	repjerrylewis	Rep. Jerry Lewis		I'm disappointed by the President’s #budget proposal to cut defense, ignore mandatory spending, and raise taxes	en	[]	[]	[]	0	2	0	['budget']	[]	https://twitter.com/RepJerryLewis/status/58268745885425664	False		0								[]				
58268384491614209	58268384491614209	2011-04-13 16:40:40 EDT	2011-04-13	16:40:40	-0400	77250424	repjerrylewis	Rep. Jerry Lewis		Lewis Disappointed by President’s Proposal to Cut Defense, Ignore Mandatory Spending, Raise Taxes  http://fb.me/SES2NYKP	en	[]	[]	[]	0	0	0	[]	[]	https://twitter.com/RepJerryLewis/status/58268384491614209	False		0								[]				
57454051574546432	57454051574546432	2011-04-11 10:44:47 EDT	2011-04-11	10:44:47	-0400	77250424	repjerrylewis	Rep. Jerry Lewis		Press Release--Lewis Praises Spending, Calls for Quick Action to Keep Government Open and Reduce the Deficit  http://fb.me/V5AY95Mr	en	[]	[]	[]	0	0	0	[]	[]	https://twitter.com/RepJerryLewis/status/57454051574546432	False		0								[]				
56466402269347840	56466402269347840	2011-04-08 17:20:14 EDT	2011-04-08	17:20:14	-0400	77250424	repjerrylewis	Rep. Jerry Lewis		House Republicans voted today to keep the Internet open and free of government regulation.  http://1.usa.gov/e0IUdT	en	[]	[]	[]	0	1	0	[]	[]	https://twitter.com/RepJerryLewis/status/56466402269347840	False		0								[]				
56050051780329472	56050051780329472	2011-04-07 13:45:48 EDT	2011-04-07	13:45:48	-0400	77250424	repjerrylewis	Rep. Jerry Lewis		My letter urging my colleagues to avoid a government shutdown, while reducing the $1 trillion-plus deficit  http://fb.me/Sld0vsGg	en	[]	[]	[]	0	0	0	[]	[]	https://twitter.com/RepJerryLewis/status/56050051780329472	False		0								[]				
56047159644143616	56047159644143616	2011-04-07 13:34:18 EDT	2011-04-07	13:34:18	-0400	77250424	repjerrylewis	Rep. Jerry Lewis		Press Release--Lewis Urges Colleagues to Find a Way to Keep Government Open, Reduce $1 trillion-plus Deficit  http://fb.me/WoiuSp7k	en	[]	[]	[]	0	1	0	[]	[]	https://twitter.com/RepJerryLewis/status/56047159644143616	False		0								[]				
53822657132630017	53822657132630017	2011-04-01 10:14:56 EDT	2011-04-01	10:14:56	-0400	77250424	repjerrylewis	Rep. Jerry Lewis		I have faith that the administration will find a way to reduce spending without leading to the deaths of children  http://fb.me/W54BTQnK	en	[]	[]	[]	0	1	0	[]	[]	https://twitter.com/RepJerryLewis/status/53822657132630017	False		0								[]				
53501691802300416	53501691802300416	2011-03-31 12:59:31 EDT	2011-03-31	12:59:31	-0400	77250424	repjerrylewis	Rep. Jerry Lewis		Today I asked the #Administration why #China is receiving foreign aid underwritten by the U.S. It doesn't make any...  http://fb.me/yySuOZvo	en	[]	[]	[]	0	1	0	['administration', 'china']	[]	https://twitter.com/RepJerryLewis/status/53501691802300416	False		0								[]				
53137200677789696	53137200677789696	2011-03-30 12:51:10 EDT	2011-03-30	12:51:10	-0400	77250424	repjerrylewis	Rep. Jerry Lewis		The 1% of our federal budget we spend on foreign aid is essential for our national security, however, we must make...  http://fb.me/F3Fr9FQx	en	[]	[]	[]	0	0	0	[]	[]	https://twitter.com/RepJerryLewis/status/53137200677789696	False		0								[]				
48459193086246912	48459193086246912	2011-03-17 15:02:26 EDT	2011-03-17	15:02:26	-0400	77250424	repjerrylewis	Rep. Jerry Lewis		Today I questioned General Petraeus regarding the situation in Afghanistan	en	[]	[]	[]	0	0	0	[]	[]	https://twitter.com/RepJerryLewis/status/48459193086246912	False		0								[]				
45882929309683713	45882929309683713	2011-03-10 11:25:17 EST	2011-03-10	11:25:17	-0400	77250424	repjerrylewis	Rep. Jerry Lewis		Visit my FB page to watch me question Secretary Clinton at Approps hearing  http://on.fb.me/f6puTx  http://fb.me/C8W9ihTb	en	[]	[]	[]	0	0	0	[]	[]	https://twitter.com/RepJerryLewis/status/45882929309683713	False		0								[]				
45882092017557504	45882092017557504	2011-03-10 11:21:57 EST	2011-03-10	11:21:57	-0400	77250424	repjerrylewis	Rep. Jerry Lewis		Harsh steps needed to stop Mexican drug cartels...remember U.S. response to Columbian cartels  http://fb.me/R1YSiDNZ	en	[]	[]	[]	0	2	0	[]	[]	https://twitter.com/RepJerryLewis/status/45882092017557504	False		0								[]				
45211895816388608	45211895816388608	2011-03-08 14:58:50 EST	2011-03-08	14:58:50	-0400	77250424	repjerrylewis	Rep. Jerry Lewis		Watch me question the Secretary of Interior on Cal water issues  http://fb.me/VoLVwDcO	en	[]	[]	[]	0	0	0	[]	[]	https://twitter.com/RepJerryLewis/status/45211895816388608	False		0								[]				
42980590185746433	42980590185746433	2011-03-02 11:12:25 EST	2011-03-02	11:12:25	-0400	77250424	repjerrylewis	Rep. Jerry Lewis		Meeting with Secretary Gates and Admiral Mullen on defense budget today	en	[]	[]	[]	0	0	0	[]	[]	https://twitter.com/RepJerryLewis/status/42980590185746433	False		0								[]				
42950867929927680	42950867929927680	2011-03-02 09:14:19 EST	2011-03-02	09:14:19	-0400	77250424	repjerrylewis	Rep. Jerry Lewis		New GAO report identifies up to $200 billion in duplicitive government spending  http://fb.me/Ib6DpQTv	en	[]	[]	[]	0	1	0	[]	[]	https://twitter.com/RepJerryLewis/status/42950867929927680	False		0								[]				
37611812350328832	37611812350328832	2011-02-15 15:38:49 EST	2011-02-15	15:38:49	-0400	77250424	repjerrylewis	Rep. Jerry Lewis		I uploaded a YouTube video -- Lewis House floor speech on FY11 Continuing Resolution  http://youtu.be/9dE1qC9D06Q?a	en	[]	[]	[]	0	0	0	[]	[]	https://twitter.com/RepJerryLewis/status/37611812350328832	False		0								[]				
37603584099106816	37603584099106816	2011-02-15 15:06:07 EST	2011-02-15	15:06:07	-0400	77250424	repjerrylewis	Rep. Jerry Lewis		Just spoke on the House floor about the Continuing resolution.  We must #cutspending to avoid fiscal disaster.  http://bit.ly/fkc70c	en	[]	[]	[]	0	0	1	['cutspending']	[]	https://twitter.com/RepJerryLewis/status/37603584099106816	False		0								[]				
35762862848741376	35762862848741376	2011-02-10 13:11:45 EST	2011-02-10	13:11:45	-0400	77250424	repjerrylewis	Rep. Jerry Lewis		House Appropriations Committee will cut $100 billion in federal spending	en	[]	[]	[]	0	2	0	[]	[]	https://twitter.com/RepJerryLewis/status/35762862848741376	False		0								[]				
35371702800093185	35371702800093185	2011-02-09 11:17:25 EST	2011-02-09	11:17:25	-0400	77250424	repjerrylewis	Rep. Jerry Lewis		House Republicans are serious about cutting spending. Check out the list of over $74 billion in cuts  http://fb.me/SF6YnOgZ	en	[]	[]	[]	0	0	0	[]	[]	https://twitter.com/RepJerryLewis/status/35371702800093185	False		0								[]				
35356316377554944	35356316377554944	2011-02-09 10:16:17 EST	2011-02-09	10:16:17	-0400	77250424	repjerrylewis	Rep. Jerry Lewis		A move in the right direction  http://on.wsj.com/hp4F9a  http://fb.me/RVapbuqq	en	[]	[]	[]	0	0	0	[]	[]	https://twitter.com/RepJerryLewis/status/35356316377554944	False		0								[]				
34997624729763840	34997624729763840	2011-02-08 10:30:58 EST	2011-02-08	10:30:58	-0400	77250424	repjerrylewis	Rep. Jerry Lewis		"Please tell your friends to ""Like"" my new FB page. I'll be providing regular updates."	en	[]	[]	[]	0	0	0	[]	[]	https://twitter.com/RepJerryLewis/status/34997624729763840	False		0								[]				
34996920879419392	34996920879419392	2011-02-08 10:28:10 EST	2011-02-08	10:28:10	-0400	77250424	repjerrylewis	Rep. Jerry Lewis		House GOP will propose $32 billion in budget cuts this week...President Obama will propose $100 billion in tax...  http://fb.me/TIL5xa7g	en	[]	[]	[]	0	1	0	[]	[]	https://twitter.com/RepJerryLewis/status/34996920879419392	False		0								[]				
34976810051706880	34976810051706880	2011-02-08 09:08:16 EST	2011-02-08	09:08:16	-0400	77250424	repjerrylewis	Rep. Jerry Lewis		States are beginning to tackle their debt...the federal government must do the same  http://fb.me/Tb8Fd1UI	en	[]	[]	[]	0	1	0	[]	[]	https://twitter.com/RepJerryLewis/status/34976810051706880	False		0								[]				
34640542532902913	34640542532902913	2011-02-07 10:52:03 EST	2011-02-07	10:52:03	-0400	77250424	repjerrylewis	Rep. Jerry Lewis		We have a busy week of oversight ahead of us.  http://fb.me/KjZnUif6	en	[]	[]	[]	0	0	0	[]	[]	https://twitter.com/RepJerryLewis/status/34640542532902913	False		0								[]				
33553909721071617	33553909721071617	2011-02-04 10:54:10 EST	2011-02-04	10:54:10	-0400	77250424	repjerrylewis	Rep. Jerry Lewis		Press Release--Small Business Administration To Accept Disaster Relief Loan Applications for Victims of December...  http://fb.me/UJGAOayz	en	[]	[]	[]	0	0	0	[]	[]	https://twitter.com/RepJerryLewis/status/33553909721071617	False		0								[]				
33253009056075776	33253009056075776	2011-02-03 14:58:29 EST	2011-02-03	14:58:29	-0400	77250424	repjerrylewis	Rep. Jerry Lewis		Please like my new FB page. I'll be updating it regularly.  http://on.fb.me/hXRDvQ  http://fb.me/PgwWe43P	en	[]	[]	[]	0	0	0	[]	[]	https://twitter.com/RepJerryLewis/status/33253009056075776	False		0								[]				
33252316597452800	33252316597452800	2011-02-03 14:55:44 EST	2011-02-03	14:55:44	-0400	77250424	repjerrylewis	Rep. Jerry Lewis		Interesting article on the crisis in Egypt. Reform of the Egyptian government is necessary but we must stand by...  http://fb.me/BQB3RLGr	en	[]	[]	[]	0	0	0	[]	[]	https://twitter.com/RepJerryLewis/status/33252316597452800	False		0								[]				
31006614832029696	31006614832029696	2011-01-28 10:12:07 EST	2011-01-28	10:12:07	-0400	77250424	repjerrylewis	Rep. Jerry Lewis		"Please ""Like"" my new FB Page  http://on.fb.me/hXRDvQ  http://fb.me/B6PDDAwm"	en	[]	[]	[]	0	0	0	[]	[]	https://twitter.com/RepJerryLewis/status/31006614832029696	False		0								[]				
31006113109385217	31006113109385217	2011-01-28 10:10:08 EST	2011-01-28	10:10:08	-0400	77250424	repjerrylewis	Rep. Jerry Lewis		Press Release--Lewis Commends President for Declaring Disaster for December Storms  http://fb.me/GLXHFySL	en	[]	[]	[]	0	0	0	[]	[]	https://twitter.com/RepJerryLewis/status/31006113109385217	False		0								[]				
30311571095814146	30311571095814146	2011-01-26 12:10:16 EST	2011-01-26	12:10:16	-0400	77250424	repjerrylewis	Rep. Jerry Lewis		Like my new FB page  http://on.fb.me/hXRDvQ  http://fb.me/E0bc1aKE	en	[]	[]	[]	0	0	0	[]	[]	https://twitter.com/RepJerryLewis/status/30311571095814146	False		0								[]				
30270479189147649	30270479189147649	2011-01-26 09:26:59 EST	2011-01-26	09:26:59	-0400	77250424	repjerrylewis	Rep. Jerry Lewis		The President's #SOTU 5 year spending freeze plan would cause us to spend $80 billion more next year than we did just two years ago in 2008	en	[]	[]	[]	0	0	0	['sotu']	[]	https://twitter.com/RepJerryLewis/status/30270479189147649	False		0								[]				
28104692735156224	28104692735156224	2011-01-20 10:00:55 EST	2011-01-20	10:00:55	-0400	77250424	repjerrylewis	Rep. Jerry Lewis		I uploaded a YouTube video -- Repeal Obamacare!  http://youtu.be/FJVTeYUdjlM?a	en	[]	[]	[]	0	0	0	[]	[]	https://twitter.com/RepJerryLewis/status/28104692735156224	False		0								[]				
22670223681261568	22670223681261568	2011-01-05 10:06:17 EST	2011-01-05	10:06:17	-0400	77250424	repjerrylewis	Rep. Jerry Lewis		Opening session of the 112th Congress starts today at noon. You can watch live today on Facebook:  http://on.fb.me/fCaNBw #gop #congress	en	[]	[]	[]	0	0	0	['gop', 'congress']	[]	https://twitter.com/RepJerryLewis/status/22670223681261568	False		0								[]				
19871541038682112	19871541038682112	2010-12-28 16:45:19 EST	2010-12-28	16:45:19	-0400	77250424	repjerrylewis	Rep. Jerry Lewis		Our thoughts are with my constituents who are evacuated or have damaged homes from mudslides. Please take caution - heed evacuation orders.	en	[]	[]	[]	0	0	0	[]	[]	https://twitter.com/RepJerryLewis/status/19871541038682112	False		0								[]				
11867070568333312	11867070568333312	2010-12-06 14:38:24 EST	2010-12-06	14:38:24	-0400	77250424	repjerrylewis	Rep. Jerry Lewis		My staff put up our annual Christmas Tree in the DC office today to welcome guests.  Happy Holidays!  http://twitpic.com/3djoiy	en	[]	[]	[]	0	1	0	[]	[]	https://twitter.com/RepJerryLewis/status/11867070568333312	False		0								[]				
10045782757482496	10045782757482496	2010-12-01 14:01:15 EST	2010-12-01	14:01:15	-0400	77250424	repjerrylewis	Rep. Jerry Lewis		I uploaded a YouTube video -- Say No to Another Trillion Dollar Budget  http://youtu.be/b1eSC02ZoJs?a	en	[]	[]	[]	0	1	0	[]	[]	https://twitter.com/RepJerryLewis/status/10045782757482496	False		0								[]				
10033281617625088	10033281617625088	2010-12-01 13:11:35 EST	2010-12-01	13:11:35	-0400	77250424	repjerrylewis	Rep. Jerry Lewis		I am opposed to a temp continuing resolution so Dems can muster votes for a massive omnibus spending bill  http://bit.ly/f5MORf #tcot #budget	en	[]	[]	[]	0	1	0	['tcot', 'budget']	[]	https://twitter.com/RepJerryLewis/status/10033281617625088	False		0								[]				
9722768627073024	9722768627073024	2010-11-30 16:37:43 EST	2010-11-30	16:37:43	-0400	77250424	repjerrylewis	Rep. Jerry Lewis		Uncle Needs a Diet RT @politico Jerry Lewis's chairman pitch: 'Pro gun, pro life' - John Bresnahan - POLITICO.com  http://politi.co/eIUlfx	en	[{'screen_name': 'politico', 'name': 'politico', 'id': '9300262'}]	[]	[]	0	0	0	[]	[]	https://twitter.com/RepJerryLewis/status/9722768627073024	False		0								[]				
9366968641523712	9366968641523712	2010-11-29 17:03:54 EST	2010-11-29	17:03:54	-0400	77250424	repjerrylewis	Rep. Jerry Lewis		Looking forward to participating in a Tea Party Patriots Tele-townhall tonight. For call in info:  http://bit.ly/fkW9Oe #tcot #teaparty	en	[]	[]	[]	0	0	0	['tcot', 'teaparty']	[]	https://twitter.com/RepJerryLewis/status/9366968641523712	False		0								[]				
9287627664531458	9287627664531458	2010-11-29 11:48:37 EST	2010-11-29	11:48:37	-0400	77250424	repjerrylewis	Rep. Jerry Lewis		RT @GOPLeader: New GOP Majority will “increase the use of technology in enforcing congressional transparency”  http://bit.ly/f56N6m #gop	en	[{'screen_name': 'gopleader', 'name': 'kevin mccarthy', 'id': '19739126'}]	[]	[]	0	0	0	['gop']	[]	https://twitter.com/RepJerryLewis/status/9287627664531458	False		0								[]				
7126437555347457	7126437555347457	2010-11-23 12:40:49 EST	2010-11-23	12:40:49	-0400	77250424	repjerrylewis	Rep. Jerry Lewis		CA has lost 543,400 jobs since the stimulus RT: @WMRepublicans 48/50 states have lost jobs since stimulus  http://bit.ly/dW4oaY #gop #tcot	en	[{'screen_name': 'wmrepublicans', 'name': 'wm republicans', 'id': '883902290477948928'}]	[]	[]	0	0	0	['gop', 'tcot']	[]	https://twitter.com/RepJerryLewis/status/7126437555347457	False		0								[]				
6814033051131904	5734120005050368	2010-11-22 15:59:26 EST	2010-11-22	15:59:26	-0400	77250424	repjerrylewis	Rep. Jerry Lewis		@retiredfirecapt In some cases yes.  If the eo's bypass the will of the people, we'll do everything in our power to stop them by cutting $.	en	[]	[]	[]	0	0	0	[]	[]	https://twitter.com/RepJerryLewis/status/6814033051131904	False		0								[]				
5711340207349761	5711340207349761	2010-11-19 14:57:44 EST	2010-11-19	14:57:44	-0400	77250424	repjerrylewis	Rep. Jerry Lewis		#FF GOP leadership team cont. @repgregwalden @KristiNoem @votetimscott	en	[{'screen_name': 'repgregwalden', 'name': 'archive: rep. greg walden', 'id': '32010840'}, {'screen_name': 'kristinoem', 'name': 'kristi noem', 'id': '114388293'}, {'screen_name': 'votetimscott', 'name': 'tim scott - text scott to 47682', 'id': '81191343'}]	[]	[]	0	0	0	['ff']	[]	https://twitter.com/RepJerryLewis/status/5711340207349761	False		0								[]				
5711174075162624	5711174075162624	2010-11-19 14:57:04 EST	2010-11-19	14:57:04	-0400	77250424	repjerrylewis	Rep. Jerry Lewis		#FF GOP leadership team @GOPLeader @EricCantor @kevinomccarthy @RepHensarling @RepTomPrice @cathymcmorris @JudgeCarter @PeteSessions	en	[{'screen_name': 'gopleader', 'name': 'kevin mccarthy', 'id': '19739126'}, {'screen_name': 'ericcantor', 'name': 'eric cantor', 'id': '18891923'}, {'screen_name': 'kevinomccarthy', 'name': 'kevin mccarthy', 'id': '15428227'}, {'screen_name': 'rephensarling', 'name': 'archive: rep. jeb hensarling', 'id': '18566912'}, {'screen_name': 'reptomprice', 'name': 'tom price', 'id': '6577802'}, {'screen_name': 'cathymcmorris', 'name': 'cathymcmorrisrodgers', 'id': '17976923'}, {'screen_name': 'judgecarter', 'name': 'judge carter', 'id': '18030431'}, {'screen_name': 'petesessions', 'name': 'pete sessions', 'id': '24735461'}]	[]	[]	0	0	0	['ff']	[]	https://twitter.com/RepJerryLewis/status/5711174075162624	False		0								[]				
5341837732618241	5341837732618241	2010-11-18 14:29:28 EST	2010-11-18	14:29:28	-0400	77250424	repjerrylewis	Rep. Jerry Lewis		Thank you to my colleagues who have signed onto my bill H.R. 6403, to rescind unspent stimulus $$.  http://bit.ly/9Fjyas #stimulus #gop #tcot	en	[]	[]	[]	0	0	0	['stimulus', 'gop', 'tcot']	[]	https://twitter.com/RepJerryLewis/status/5341837732618241	False		0								[]				
4547285358747648	4547285358747648	2010-11-16 09:52:11 EST	2010-11-16	09:52:11	-0400	77250424	repjerrylewis	Rep. Jerry Lewis		Read my op-ed in the @washtimes today on the key steps needed to balance the budget.  http://bit.ly/cJ9VjJ #gop #tcot #budget	en	[{'screen_name': 'washtimes', 'name': 'the washington times', 'id': '14662354'}]	[]	[]	0	0	0	['gop', 'tcot', 'budget']	[]	https://twitter.com/RepJerryLewis/status/4547285358747648	False		0								[]				
4233263098892288	4233263098892288	2010-11-15 13:04:23 EST	2010-11-15	13:04:23	-0400	77250424	repjerrylewis	Rep. Jerry Lewis		Today I introduce a bill to rescind $12bil in unspent stimulus funds, to start paying down the $1.3tril deficit  http://bit.ly/axHzJi #tcot	en	[]	[]	[]	0	0	0	['tcot']	[]	https://twitter.com/RepJerryLewis/status/4233263098892288	False		0								[]				
4180581948592130	4180581948592130	2010-11-15 09:35:03 EST	2010-11-15	09:35:03	-0400	77250424	repjerrylewis	Rep. Jerry Lewis		"President should stand by his vow to reign in earmarks by vetoing any ""christmas tree"" omnibus in the lame duck.  http://bit.ly/9iQxHp #gop"	en	[]	[]	[]	0	1	0	['gop']	[]	https://twitter.com/RepJerryLewis/status/4180581948592130	False		0								[]				
664956341067776	664956341067776	2010-11-05 17:45:12 EDT	2010-11-05	17:45:12	-0400	77250424	repjerrylewis	Rep. Jerry Lewis		I am officially backing @JeffFlake for a seat on the Approps Committee. I welcome his help in cutting spending  http://bit.ly/ajPm2h #tcot	en	[{'screen_name': 'jeffflake', 'name': 'jeff flake', 'id': '16056306'}]	[]	[]	0	1	0	['tcot']	[]	https://twitter.com/RepJerryLewis/status/664956341067776	False		0								[]				
29694544904	29694544904	2010-11-04 15:29:55 EDT	2010-11-04	15:29:55	-0400	77250424	repjerrylewis	Rep. Jerry Lewis		My letter to Chairman Obey expressing my unequivocal opposition to a budget-busting omnibus in the lame duck:  http://bit.ly/9Hyznq #tcot	en	[]	[]	[]	0	0	0	['tcot']	[]	https://twitter.com/RepJerryLewis/status/29694544904	False		0								[]				
29602601529	29602601529	2010-11-03 16:19:16 EDT	2010-11-03	16:19:16	-0400	77250424	repjerrylewis	Rep. Jerry Lewis		Congratulations to all newly elected members of Congress! We have a tremendous job ahead of us.  http://bit.ly/blggWF #congress #gop	en	[]	[]	[]	0	0	0	['congress', 'gop']	[]	https://twitter.com/RepJerryLewis/status/29602601529	False		0								[]				
29006550875	29006550875	2010-10-28 12:56:30 EDT	2010-10-28	12:56:30	-0400	77250424	repjerrylewis	Rep. Jerry Lewis		My op-ed in today's Politico - Restoring fiscal sanity.  http://www.politico.com/news/stories/1010/44291.html	en	[]	[]	[]	0	0	0	[]	[]	https://twitter.com/RepJerryLewis/status/29006550875	False		0								[]				
27369636393	27369636393	2010-10-14 15:28:16 EDT	2010-10-14	15:28:16	-0400	77250424	repjerrylewis	Rep. Jerry Lewis		"The W.H. backtracks on the stimulus & ""shovel ready projects"", while unemployment in my district is still over 14%  http://bit.ly/bM4WTt #gop"	en	[]	[]	[]	0	0	0	['gop']	[]	https://twitter.com/RepJerryLewis/status/27369636393	False		0								[]				
27369150111	27369150111	2010-10-14 15:21:07 EDT	2010-10-14	15:21:07	-0400	77250424	repjerrylewis	Rep. Jerry Lewis		I was pleased to join the San Bernardino S.O and the Hesperia City Council yesterday : Victorville Daily Press  http://t.co/g3vul4y	en	[]	['http://shar.es/0Aht6']	[]	0	0	0	[]	[]	https://twitter.com/RepJerryLewis/status/27369150111	False		0								[]				
25887550543	25887550543	2010-09-29 10:28:11 EDT	2010-09-29	10:28:11	-0400	77250424	repjerrylewis	Rep. Jerry Lewis		ICYM: My colleagues @JackKingston @johnculberson & @CongMikeSimpson respond to WSJ editorial on spending  http://bit.ly/9AemhB #tcot #gop	en	[{'screen_name': 'jackkingston', 'name': 'jack kingston', 'id': '36654245'}, {'screen_name': 'johnculberson', 'name': 'john culberson', 'id': '14904437'}, {'screen_name': 'congmikesimpson', 'name': 'cong. mike simpson', 'id': '76132891'}]	[]	[]	0	0	0	['tcot', 'gop']	[]	https://twitter.com/RepJerryLewis/status/25887550543	False		0								[]				
25810967128	25810967128	2010-09-28 14:58:42 EDT	2010-09-28	14:58:42	-0400	77250424	repjerrylewis	Rep. Jerry Lewis		My press release on the House passage of H. Res. 1378, condemning the theft of the Mojave Cross  http://bit.ly/bEX0y9 #tcot	en	[]	[]	[]	0	0	0	['tcot']	[]	https://twitter.com/RepJerryLewis/status/25810967128	False		0								[]				
25796503409	25796503409	2010-09-28 11:47:35 EDT	2010-09-28	11:47:35	-0400	77250424	repjerrylewis	Rep. Jerry Lewis		Thank you @FAADC for your support of the Mojave Desert Cross.  http://bit.ly/cUHovY	en	[{'screen_name': 'faadc', 'name': 'febry aadc', 'id': '1150198764579127297'}]	[]	[]	0	0	0	[]	[]	https://twitter.com/RepJerryLewis/status/25796503409	False		0								[]				
25791924229	25791924229	2010-09-28 10:56:41 EDT	2010-09-28	10:56:41	-0400	77250424	repjerrylewis	Rep. Jerry Lewis		My resolution condemning the theft of the national Mojave Cross veterans memorial will be on the House floor today.  http://bit.ly/ceBAhv	en	[]	[]	[]	0	0	0	[]	[]	https://twitter.com/RepJerryLewis/status/25791924229	False		0								[]				
25427812620	25427812620	2010-09-24 14:20:49 EDT	2010-09-24	14:20:49	-0400	77250424	repjerrylewis	Rep. Jerry Lewis		Read letter @JoAnnEmerson and I sent to Sec. Geithner  for info on cost of implementing HCR's new mandates & taxes  http://bit.ly/9BjfmI #gop	en	[{'screen_name': 'joannemerson', 'name': 'jo ann emerson', 'id': '83603750'}]	[]	[]	0	0	0	['gop']	[]	https://twitter.com/RepJerryLewis/status/25427812620	False		0								[]				
25319934165	25319934165	2010-09-23 12:03:02 EDT	2010-09-23	12:03:02	-0400	77250424	repjerrylewis	Rep. Jerry Lewis		I join my @gopconference colleagues in a Pledge to America. It's long overdue to put Uncle Sam on a diet!  http://bit.ly/9mOHw7 #gop #tcot	en	[{'screen_name': 'gopconference', 'name': 'house gop', 'id': '2285522652'}]	[]	[]	0	1	0	['gop', 'tcot']	[]	https://twitter.com/RepJerryLewis/status/25319934165	False		0								[]				
25245849927	25245849927	2010-09-22 17:14:49 EDT	2010-09-22	17:14:49	-0400	77250424	repjerrylewis	Rep. Jerry Lewis		I uploaded a YouTube video -- Stop Government Spending on Fox News with Neil Cavuto  http://youtu.be/ErDBn0kc7nY?a	en	[]	[]	[]	0	0	0	[]	[]	https://twitter.com/RepJerryLewis/status/25245849927	False		0								[]				
25237870535	25237870535	2010-09-22 15:10:54 EDT	2010-09-22	15:10:54	-0400	77250424	repjerrylewis	Rep. Jerry Lewis		Will be on with Neil Cavuto @foxnews around 4pm today to talk about the Dems runaway spending and pre-election budget high jinks #gop #tcot	en	[{'screen_name': 'foxnews', 'name': 'fox news', 'id': '1367531'}]	[]	[]	0	0	0	['gop', 'tcot']	[]	https://twitter.com/RepJerryLewis/status/25237870535	False		0								[]				
25142459184	25142459184	2010-09-21 14:44:53 EDT	2010-09-21	14:44:53	-0400	77250424	repjerrylewis	Rep. Jerry Lewis		10d to the end of the fiscal year and waiting to see the Dems stop-gap bill. We can't afford any expensive surprises.  http://bit.ly/b2HcWE	en	[]	[]	[]	0	0	0	[]	[]	https://twitter.com/RepJerryLewis/status/25142459184	False		0								[]				
24595481365	24595481365	2010-09-15 15:02:14 EDT	2010-09-15	15:02:14	-0400	77250424	repjerrylewis	Rep. Jerry Lewis		The WH has sent a wish list to Congress of more than $25bil in spending it wants passed before the election  http://bit.ly/9wOmLw  #gop #tcot	en	[]	[]	[]	0	0	0	['gop', 'tcot']	[]	https://twitter.com/RepJerryLewis/status/24595481365	False		0								[]				
24509322522	24509322522	2010-09-14 17:12:56 EDT	2010-09-14	17:12:56	-0400	77250424	repjerrylewis	Rep. Jerry Lewis		Must stop Dems from a Hail Mary pass for more govt spending in a last dash before the election Our letter:   http://bit.ly/bn0dJ2 #gop #tcot	en	[]	[]	[]	0	1	0	['gop', 'tcot']	[]	https://twitter.com/RepJerryLewis/status/24509322522	False		0								[]				
24403517675	24403517675	2010-09-13 14:00:49 EDT	2010-09-13	14:00:49	-0400	77250424	repjerrylewis	Rep. Jerry Lewis		I've joined @reppaulryan and @RepDaveCamp in a letter calling for reigning in govt spending to '08 levels.  http://bit.ly/9DaW28 #gop #tcot	en	[{'screen_name': 'repdavecamp', 'name': 'david smith', 'id': '1242692525862703105'}]	[]	[]	0	0	0	['gop', 'tcot']	[]	https://twitter.com/RepJerryLewis/status/24403517675	False		0								[]				
23942807884	23942807884	2010-09-08 15:52:05 EDT	2010-09-08	15:52:05	-0400	77250424	repjerrylewis	Rep. Jerry Lewis		I join House Republican Leader John Boehner in supporting a freeze on domestic spending at the 2008 level  http://bit.ly/aQ6Bbs  #gop #tcot	en	[]	[]	[]	0	0	0	['gop', 'tcot']	[]	https://twitter.com/RepJerryLewis/status/23942807884	False		0								[]				
21932268304	21697553536	2010-08-23 14:04:27 EDT	2010-08-23	14:04:27	-0400	77250424	repjerrylewis	Rep. Jerry Lewis		@LeslieMcLellan Thank you for coming.  It was a great event.	en	[]	[]	[]	0	0	0	[]	[]	https://twitter.com/RepJerryLewis/status/21932268304	False		0								[]				
21682723609	21682723609	2010-08-20 13:44:06 EDT	2010-08-20	13:44:06	-0400	77250424	repjerrylewis	Rep. Jerry Lewis		Enjoying a beautiful morning in Lake Arrowhead meeting with folks from the Republican Women club and the Chamber of Commerce	en	[]	[]	[]	0	0	0	[]	[]	https://twitter.com/RepJerryLewis/status/21682723609	False		0								[]				
21419138270	21419138270	2010-08-17 13:14:27 EDT	2010-08-17	13:14:27	-0400	77250424	repjerrylewis	Rep. Jerry Lewis		Just got done making a few remarks at the Small Business Development Workshop at CSUSB.  What a great event!	en	[]	[]	[]	0	1	0	[]	[]	https://twitter.com/RepJerryLewis/status/21419138270	False		0								[]				
20801636268	20801636268	2010-08-10 11:06:59 EDT	2010-08-10	11:06:59	-0400	77250424	repjerrylewis	Rep. Jerry Lewis		Watch today as I try to stop yet another majority party billion dollar bailout--this one to the tune of $26 billion!  http://cs.pn/4lvYsK	en	[]	[]	[]	0	1	0	[]	[]	https://twitter.com/RepJerryLewis/status/20801636268	False		0								[]				
20801312595	20801312595	2010-08-10 11:02:43 EDT	2010-08-10	11:02:43	-0400	77250424	repjerrylewis	Rep. Jerry Lewis		I uploaded a YouTube video -- The Democratic Majority Needs to take Border Security Ser...  http://youtu.be/p2GlUXWQuYA?a	en	[]	[]	[]	0	0	0	[]	[]	https://twitter.com/RepJerryLewis/status/20801312595	False		0								[]				
20424946028	20424946028	2010-08-05 20:34:05 EDT	2010-08-05	20:34:05	-0400	77250424	repjerrylewis	Rep. Jerry Lewis		just got back from Apple Valley where I attended a local Rotary Club lunch- thanks for the great reception	en	[]	[]	[]	0	0	0	[]	[]	https://twitter.com/RepJerryLewis/status/20424946028	False		0								[]				
20403208255	20403208255	2010-08-05 13:15:17 EDT	2010-08-05	13:15:17	-0400	77250424	repjerrylewis	Rep. Jerry Lewis		Reid and Senate cont. mockery of responsible spending and rush through a state bailout designed to save only govt jobs  http://bit.ly/beYBYV	en	[]	[]	[]	0	0	0	[]	[]	https://twitter.com/RepJerryLewis/status/20403208255	False		0								[]				
19794908768	19794908768	2010-07-28 23:28:55 EDT	2010-07-28	23:28:55	-0400	77250424	repjerrylewis	Rep. Jerry Lewis		I uploaded a YouTube video -- Lewis Offers Amendment to Cut $31 Billion in Government S...  http://youtu.be/CWmFWUIoFeQ?a	en	[]	[]	[]	0	0	0	[]	[]	https://twitter.com/RepJerryLewis/status/19794908768	False		0								[]				
19794289220	19794289220	2010-07-28 23:19:49 EDT	2010-07-28	23:19:49	-0400	77250424	repjerrylewis	Rep. Jerry Lewis		I uploaded a YouTube video -- Stop Out of Control Spending!  http://youtu.be/ETCzySEK-7Y?a	en	[]	[]	[]	0	0	0	[]	[]	https://twitter.com/RepJerryLewis/status/19794289220	False		0								[]				
19777400890	19777400890	2010-07-28 19:05:25 EDT	2010-07-28	19:05:25	-0400	77250424	repjerrylewis	Rep. Jerry Lewis		I uploaded a YouTube video -- Fund Our Troops--Pass A Clean Defense Supplemental Now!  http://youtu.be/fTEM_gTneWE?a	en	[]	[]	[]	0	0	0	[]	[]	https://twitter.com/RepJerryLewis/status/19777400890	False		0								[]				
19767018406	19767018406	2010-07-28 16:10:25 EDT	2010-07-28	16:10:25	-0400	77250424	repjerrylewis	Rep. Jerry Lewis		Dismayed by the injunction in the Arizona lawsuit. We must enforce border laws. My press release:  http://bit.ly/9iQwXH #immigration #tcot	en	[]	[]	[]	0	0	0	['immigration', 'tcot']	[]	https://twitter.com/RepJerryLewis/status/19767018406	False		0								[]				
19684898304	19684898304	2010-07-27 16:45:38 EDT	2010-07-27	16:45:38	-0400	77250424	repjerrylewis	Rep. Jerry Lewis		Democrat majority yanked our appropriations markup today at the last min to avoid tough votes on immigration & spending  http://bit.ly/c678mO	en	[]	[]	[]	0	0	0	[]	[]	https://twitter.com/RepJerryLewis/status/19684898304	False		0								[]				
19673477153	19673477153	2010-07-27 13:30:24 EDT	2010-07-27	13:30:24	-0400	77250424	repjerrylewis	Rep. Jerry Lewis		An important read: a new and scary report by the CBO on Federal Debt and the Risk of a Fiscal Crisis:  http://bit.ly/ag7lEk #tcot #economy	en	[]	[]	[]	0	0	0	['tcot', 'economy']	[]	https://twitter.com/RepJerryLewis/status/19673477153	False		0								[]				
19662554478	19662554478	2010-07-27 10:52:58 EDT	2010-07-27	10:52:58	-0400	77250424	repjerrylewis	Rep. Jerry Lewis		On the House floor for the emergency supplemental. It's critical we pass this clean bill to support our troops today.  http://bit.ly/bfMfTt	en	[]	[]	[]	0	0	0	[]	[]	https://twitter.com/RepJerryLewis/status/19662554478	False		0								[]				
19599972811	19599972811	2010-07-26 16:26:43 EDT	2010-07-26	16:26:43	-0400	77250424	repjerrylewis	Rep. Jerry Lewis		Fact Sheets are up on my website for the appropriations bills on the House floor this week, under featured items:  http://bit.ly/ashNGl	en	[]	[]	[]	0	0	0	[]	[]	https://twitter.com/RepJerryLewis/status/19599972811	False		0								[]				
19255907927	19255907927	2010-07-22 09:50:10 EDT	2010-07-22	09:50:10	-0400	77250424	repjerrylewis	Rep. Jerry Lewis		My op-ed in The Hill today on the GOP alternative budget that would save billions:  http://bit.ly/dAsSnj #gop #tcot #congress	en	[]	[]	[]	0	0	0	['gop', 'tcot', 'congress']	[]	https://twitter.com/RepJerryLewis/status/19255907927	False		0								[]				
19084192714	19084192714	2010-07-21 11:20:59 EDT	2010-07-21	11:20:59	-0400	77250424	repjerrylewis	Rep. Jerry Lewis		CA has lost 520,200 jobs since passage of the stimulus - making us #1 in jobs lost, not a ranking to be proud of  http://bit.ly/b9hA70 #jobs	en	[]	[]	[]	0	0	0	['jobs']	[]	https://twitter.com/RepJerryLewis/status/19084192714	False		0								[]				
19020500681	19020500681	2010-07-20 16:32:11 EDT	2010-07-20	16:32:11	-0400	77250424	repjerrylewis	Rep. Jerry Lewis		I've uploaded two videos to YouTube from the House Appropriations markup today. We must stop out of control spending  http://bit.ly/9oLkGs	en	[]	[]	[]	0	0	0	[]	[]	https://twitter.com/RepJerryLewis/status/19020500681	False		0								[]				
19010559553	19010559553	2010-07-20 13:35:33 EDT	2010-07-20	13:35:33	-0400	77250424	repjerrylewis	Rep. Jerry Lewis		My speech @housefloor today on the urgency of passing a clean funding bill for our troops  http://bit.ly/9oLkGs #gop #supportourtroops #tcot	en	[{'screen_name': 'housefloor', 'name': 'u.s. house floor', 'id': '7402662'}]	[]	[]	0	0	0	['gop', 'supportourtroops', 'tcot']	[]	https://twitter.com/RepJerryLewis/status/19010559553	False		0								[]				
18631310919	18631310919	2010-07-15 17:07:31 EDT	2010-07-15	17:07:31	-0400	77250424	repjerrylewis	Rep. Jerry Lewis		With my GOP colleagues on the Approps Committee, I have introduced today a clean troop and disaster funding bill  http://bit.ly/beV2gh #gop	en	[]	[]	[]	0	0	0	['gop']	[]	https://twitter.com/RepJerryLewis/status/18631310919	False		0								[]				
18526914902	18526914902	2010-07-14 11:19:33 EDT	2010-07-14	11:19:33	-0400	77250424	repjerrylewis	Rep. Jerry Lewis		Had a great teletownhall last night with folks from Loma Linda, Banning, Beaumont, San Jacinto. Top issues were #jobs #economy #immigration	en	[]	[]	[]	0	0	0	['jobs', 'economy', 'immigration']	[]	https://twitter.com/RepJerryLewis/status/18526914902	False		0								[]				
17496861688	17496861688	2010-07-01 10:41:19 EDT	2010-07-01	10:41:19	-0400	77250424	repjerrylewis	Rep. Jerry Lewis		I've updated my website with a new section focusing on the national debt and links to #youcut and America #speakingout   http://bit.ly/arZ9la	en	[]	[]	[]	0	0	0	['youcut', 'speakingout']	[]	https://twitter.com/RepJerryLewis/status/17496861688	False		0								[]				
17109604763	17109604763	2010-06-26 14:28:38 EDT	2010-06-26	14:28:38	-0400	77250424	repjerrylewis	Rep. Jerry Lewis		Just finished a great teletownhall with constituents from San Bernardino,Redlands,Highland,Yucaipa. Top issues were #jobs #economy #oilspill	en	[]	[]	[]	0	0	0	['jobs', 'economy', 'oilspill']	[]	https://twitter.com/RepJerryLewis/status/17109604763	False		0								[]				
16859596407	16859596407	2010-06-23 12:00:09 EDT	2010-06-23	12:00:09	-0400	77250424	repjerrylewis	Rep. Jerry Lewis		Congrats to Landon Donovan of Redlands for the incredible winning goal for USA! #USA #WorldCup	en	[]	[]	[]	0	1	0	['usa', 'worldcup']	[]	https://twitter.com/RepJerryLewis/status/16859596407	False		0								[]				
16694832181	16694832181	2010-06-21 09:44:08 EDT	2010-06-21	09:44:08	-0400	77250424	repjerrylewis	Rep. Jerry Lewis		ICYM: My Op-Ed in The Hill on Friday: American people calling for Uncle Sam to diet now!  http://bit.ly/chdS49	en	[]	[]	[]	0	0	0	[]	[]	https://twitter.com/RepJerryLewis/status/16694832181	False		0								[]				
16495944435	16480755588	2010-06-18 16:24:13 EDT	2010-06-18	16:24:13	-0400	77250424	repjerrylewis	Rep. Jerry Lewis		@apzuckerman Thank you for the inquiry.  I have made 2 requests so far to be verified, but have not gotten a reply from Twitter.	en	[]	[]	[]	0	0	0	[]	[]	https://twitter.com/RepJerryLewis/status/16495944435	False		0								[]				
16327059007	16327059007	2010-06-16 14:42:49 EDT	2010-06-16	14:42:49	-0400	77250424	repjerrylewis	Rep. Jerry Lewis		No point in re-using money from failed ‘stimulus’ programs to fund yet more flawed ‘stimulus’ programs.  http://bit.ly/bm3FuS #tcot #congress	en	[]	[]	[]	0	0	0	['tcot', 'congress']	[]	https://twitter.com/RepJerryLewis/status/16327059007	False		0								[]				
16243452274	16243452274	2010-06-15 14:09:33 EDT	2010-06-15	14:09:33	-0400	77250424	repjerrylewis	Rep. Jerry Lewis		Democrats hijack critical troop funding  http://bit.ly/9MEzDA #congress #supportourtroops	en	[]	[]	[]	0	0	0	['congress', 'supportourtroops']	[]	https://twitter.com/RepJerryLewis/status/16243452274	False		0								[]				
15860024004	15860024004	2010-06-10 12:00:52 EDT	2010-06-10	12:00:52	-0400	77250424	repjerrylewis	Rep. Jerry Lewis		There is total dysfunction and lack of leadership in the Dem majority in Congress right now. The proof:  http://bit.ly/dwXIwK  #gop #congress	en	[]	[]	[]	0	0	0	['gop', 'congress']	[]	https://twitter.com/RepJerryLewis/status/15860024004	False		0								[]				
15792408823	15792408823	2010-06-09 13:54:35 EDT	2010-06-09	13:54:35	-0400	77250424	repjerrylewis	Rep. Jerry Lewis		As a proud UCLA Bruin, I was pleased to speak this afternoon in support of H. Res. 1427 - honoring the remarkable life of Coach John Wooden	en	[]	[]	[]	0	0	0	[]	[]	https://twitter.com/RepJerryLewis/status/15792408823	False		0								[]				
15114414954	15114414954	2010-05-31 11:26:41 EDT	2010-05-31	11:26:41	-0400	77250424	repjerrylewis	Rep. Jerry Lewis		Thank you to the men and women who have served this country. Today we honor those who have given their lives to protect our freedom.	en	[]	[]	[]	0	0	0	[]	[]	https://twitter.com/RepJerryLewis/status/15114414954	False		0								[]				
14837632508	14837632508	2010-05-27 10:22:15 EDT	2010-05-27	10:22:15	-0400	77250424	repjerrylewis	Rep. Jerry Lewis		Attending the Appropriations Interior Subcommittee hearing on the #oil#spill Webcast is available:  http://bit.ly/doebnP	en	[]	[]	[]	0	0	0	[]	[]	https://twitter.com/RepJerryLewis/status/14837632508	False		0								[]				
14631645824	14631645824	2010-05-24 11:55:50 EDT	2010-05-24	11:55:50	-0400	77250424	repjerrylewis	Rep. Jerry Lewis		@WPAOG Enjoyed a wonderful weekend at West Point for graduation. Made me proud to be on the Board of Visitors. Congrats to the Class of '10.	en	[]	[]	[]	0	0	0	[]	[]	https://twitter.com/RepJerryLewis/status/14631645824	False		0								[]				
14362527267	14362527267	2010-05-20 09:53:44 EDT	2010-05-20	09:53:44	-0400	77250424	repjerrylewis	Rep. Jerry Lewis		I've introduced HRes. 1378, a resolution condemning the theft of the Mojave Cross veterans memorial  http://bit.ly/ceBAhq #congress #veterans	en	[]	[]	[]	0	0	0	['congress', 'veterans']	[]	https://twitter.com/RepJerryLewis/status/14362527267	False		0								[]				
14310893883	14310893883	2010-05-19 15:04:15 EDT	2010-05-19	15:04:15	-0400	77250424	repjerrylewis	Rep. Jerry Lewis		A $23 billion bailout of state govts is NOT emergency spending and should not be in a supplemental spending bill:  http://bit.ly/9iTmRP	en	[]	[]	[]	0	0	0	[]	[]	https://twitter.com/RepJerryLewis/status/14310893883	False		0								[]				
13918193719	13918193719	2010-05-13 10:56:21 EDT	2010-05-13	10:56:21	-0400	77250424	repjerrylewis	Rep. Jerry Lewis		"It's All Your Money: I talked with Fox News about Congress violating pay-as-you-go rules with ""emergency spending""  http://bit.ly/b2rOlP"	en	[]	[]	[]	0	0	0	[]	[]	https://twitter.com/RepJerryLewis/status/13918193719	False		0								[]				
13801208516	13801208516	2010-05-11 13:58:38 EDT	2010-05-11	13:58:38	-0400	77250424	repjerrylewis	Rep. Jerry Lewis		The Mojave Cross, honoring our nation's veterans has been stolen. Anyone with info is asked to call 760-252-6120. A reward is being offered	en	[]	[]	[]	0	3	0	[]	[]	https://twitter.com/RepJerryLewis/status/13801208516	False		0								[]				
13493123619	13493123619	2010-05-06 11:27:09 EDT	2010-05-06	11:27:09	-0400	77250424	repjerrylewis	Rep. Jerry Lewis		Honored to meet MDA Ambassador Abbey Umali and her parents Wendi and Joel from Redlands-She's an inspiration  http://twitpic.com/1lj8m6	en	[]	[]	[]	0	0	0	[]	[]	https://twitter.com/RepJerryLewis/status/13493123619	False		0								[]				
13438674306	13438674306	2010-05-05 13:41:52 EDT	2010-05-05	13:41:52	-0400	77250424	repjerrylewis	Rep. Jerry Lewis		My Statement on Chairman David Obey's Retirement Announcement:  http://bit.ly/9ZH1F0	en	[]	[]	[]	0	0	0	[]	[]	https://twitter.com/RepJerryLewis/status/13438674306	False		0								[]				
13072726343	13072726343	2010-04-29 10:52:44 EDT	2010-04-29	10:52:44	-0400	77250424	repjerrylewis	Rep. Jerry Lewis		Good morning. Here is the Press Enterprise's story on the Mojave Cross memorial:  http://bit.ly/acSu7q	en	[]	[]	[]	0	0	0	[]	[]	https://twitter.com/RepJerryLewis/status/13072726343	False		0								[]				
13025620415	13025620415	2010-04-28 16:08:40 EDT	2010-04-28	16:08:40	-0400	77250424	repjerrylewis	Rep. Jerry Lewis		I uploaded a YouTube video -- Lewis Discusses Medical Research Funding with Director of NIH  http://youtu.be/YtOfghLMOMc?a	en	[]	[]	[]	0	0	0	[]	[]	https://twitter.com/RepJerryLewis/status/13025620415	False		0								[]				
13019121043	13019121043	2010-04-28 13:44:11 EDT	2010-04-28	13:44:11	-0400	77250424	repjerrylewis	Rep. Jerry Lewis		My statement on the Supreme Court's decision in favor of the Mojave Cross land transfer:  http://bit.ly/bKnvBg #scotus #congress	en	[]	[]	[]	0	0	0	['scotus', 'congress']	[]	https://twitter.com/RepJerryLewis/status/13019121043	False		0								[]				
13008913720	13008913720	2010-04-28 10:19:43 EDT	2010-04-28	10:19:43	-0400	77250424	repjerrylewis	Rep. Jerry Lewis		At a hearing with the NIH director on our nation's medical research budget. Webcast:  http://appropriations.house.gov/calendar.aspx	en	[]	[]	[]	0	0	0	[]	[]	https://twitter.com/RepJerryLewis/status/13008913720	False		0								[]				
12958276318	12958276318	2010-04-27 14:24:14 EDT	2010-04-27	14:24:14	-0400	77250424	repjerrylewis	Rep. Jerry Lewis		Congress should act NOW to stop exploding deficits, not outsource our duties to a political fiscal commission  http://bit.ly/cX5tBa #gop	en	[]	[]	[]	0	2	0	['gop']	[]	https://twitter.com/RepJerryLewis/status/12958276318	False		0								[]				
12949631115	12949631115	2010-04-27 11:07:19 EDT	2010-04-27	11:07:19	-0400	77250424	repjerrylewis	Rep. Jerry Lewis		ICYM: Interesting NY Times report on how #HCR will adversely impact businesses and their retiree coverage:  http://nyti.ms/asxavd	en	[]	[]	[]	0	1	0	['hcr']	[]	https://twitter.com/RepJerryLewis/status/12949631115	False		0								[]				
12893565639	12893565639	2010-04-26 12:59:51 EDT	2010-04-26	12:59:51	-0400	77250424	repjerrylewis	Rep. Jerry Lewis		We need a clean supplemental approps bill to support our troops and assist Haiti and an open and transparent process.  http://bit.ly/briFLw	en	[]	[]	[]	0	0	0	[]	[]	https://twitter.com/RepJerryLewis/status/12893565639	False		0								[]				
12713872281	12713872281	2010-04-23 13:12:24 EDT	2010-04-23	13:12:24	-0400	77250424	repjerrylewis	Rep. Jerry Lewis		Just did an interview for @CSPAN Newsmakers, will be on this Sunday at 10am EST and 6pm EST. Good discussion about the #budget and #economy	en	[{'screen_name': 'cspan', 'name': 'cspan', 'id': '15675138'}]	[]	[]	0	3	0	['budget', 'economy']	[]	https://twitter.com/RepJerryLewis/status/12713872281	False		0								[]				
12705522100	12705522100	2010-04-23 10:37:36 EDT	2010-04-23	10:37:36	-0400	77250424	repjerrylewis	Rep. Jerry Lewis		#FollowFriday more #GOP appropriators on twitter @AnderCrenshaw @DennyRehberg @JudgeCarter @tomcoleok04 @KenCalvert	fr	[{'screen_name': 'andercrenshaw', 'name': 'ander crenshaw', 'id': '20209807'}, {'screen_name': 'dennyrehberg', 'name': 'denny rehberg', 'id': '150279644'}, {'screen_name': 'judgecarter', 'name': 'judge carter', 'id': '18030431'}, {'screen_name': 'tomcoleok04', 'name': 'rep. tom cole', 'id': '23124635'}, {'screen_name': 'kencalvert', 'name': 'ken calvert', 'id': '22545491'}]	[]	[]	0	0	0	['followfriday', 'gop']	[]	https://twitter.com/RepJerryLewis/status/12705522100	False		0								[]				
12705443766	12705443766	2010-04-23 10:36:10 EDT	2010-04-23	10:36:10	-0400	77250424	repjerrylewis	Rep. Jerry Lewis		#FollowFriday My fellow #GOP appropriators @JackKingston @RepToddTiahrt @zachwamp @TomLatham @Robert_Aderholt @JoAnnEmerson @CongCulberson	en	[{'screen_name': 'jackkingston', 'name': 'jack kingston', 'id': '36654245'}, {'screen_name': 'zachwamp', 'name': 'zach wamp', 'id': '18905115'}, {'screen_name': 'tomlatham', 'name': 'tom latham', 'id': '10102032'}, {'screen_name': 'robert_aderholt', 'name': 'robert aderholt', 'id': '76452765'}, {'screen_name': 'joannemerson', 'name': 'jo ann emerson', 'id': '83603750'}, {'screen_name': 'congculberson', 'name': 'もちゃこ', 'id': '1115584428716187651'}]	[]	[]	0	0	0	['followfriday', 'gop']	[]	https://twitter.com/RepJerryLewis/status/12705443766	False		0								[]				
12704678876	12704678876	2010-04-23 10:22:13 EDT	2010-04-23	10:22:13	-0400	77250424	repjerrylewis	Rep. Jerry Lewis		Medicare's economists confirm new #hcr law will increase nation's tab and will have serious consequences for seniors  http://bit.ly/bunS8A	en	[]	[]	[]	0	2	0	['hcr']	[]	https://twitter.com/RepJerryLewis/status/12704678876	False		0								[]				
12582218562	12582218562	2010-04-21 11:23:15 EDT	2010-04-21	11:23:15	-0400	77250424	repjerrylewis	Rep. Jerry Lewis		I uploaded a YouTube video -- Lewis Questions Secretary Sebelius on Healthcare Reform  http://youtu.be/JAxrDk6F6-4?a	en	[]	[]	[]	0	1	0	[]	[]	https://twitter.com/RepJerryLewis/status/12582218562	False		0								[]				
12577041286	12577041286	2010-04-21 09:45:37 EDT	2010-04-21	09:45:37	-0400	77250424	repjerrylewis	Rep. Jerry Lewis		Appropriations hearing with HHS Sec. Sebelius this morning at 10am. You can watch on CSPAN3 or on webcast at  http://bit.ly/dwnPDx  #hcr	en	[]	[]	[]	0	0	0	['hcr']	[]	https://twitter.com/RepJerryLewis/status/12577041286	False		0								[]				
12518188208	12518188208	2010-04-20 10:10:25 EDT	2010-04-20	10:10:25	-0400	77250424	repjerrylewis	Rep. Jerry Lewis		Congrats to Tournament Hills Elementary in Beaumont, CA for being named a CA Distinguished School - students and teachers should be proud!	en	[]	[]	[]	0	0	0	[]	[]	https://twitter.com/RepJerryLewis/status/12518188208	False		0								[]				
11383188056	11048364513	2010-03-31 15:38:12 EDT	2010-03-31	15:38:12	-0400	77250424	repjerrylewis	Rep. Jerry Lewis		@turboderek Constituents can always call my office in Redlands for help with fed. programs or email me through jerrylewis.house.gov	en	[]	[]	[]	0	0	0	[]	[]	https://twitter.com/RepJerryLewis/status/11383188056	False		0								[]				
11383036274	11383036274	2010-03-31 15:34:32 EDT	2010-03-31	15:34:32	-0400	77250424	repjerrylewis	Rep. Jerry Lewis		 http://twitpic.com/1c89if - The new UCR School of Medicine will be much needed to help with the I.E.'s doc shortage	en	[]	[]	[]	0	0	0	[]	[]	https://twitter.com/RepJerryLewis/status/11383036274	False		0								[]				
11382139236	11382139236	2010-03-31 15:13:12 EDT	2010-03-31	15:13:12	-0400	77250424	repjerrylewis	Rep. Jerry Lewis		Just spent some time with my good friend Rep. Ken Calvert touring the new medical school facility @UCriverside	en	[{'screen_name': 'ucriverside', 'name': 'uc riverside', 'id': '20448698'}]	[]	[]	0	0	0	[]	[]	https://twitter.com/RepJerryLewis/status/11382139236	False		0								[]				
10996019042	10996019042	2010-03-24 16:12:31 EDT	2010-03-24	16:12:31	-0400	77250424	repjerrylewis	Rep. Jerry Lewis		"$6 bil ""Disaster Relief and Summer Jobs"" bill is on the floor now. We can't sustain this unpaid for spending. Summary: http://bit.ly/d9bWnU"	en	[]	[]	[]	0	0	0	[]	[]	https://twitter.com/RepJerryLewis/status/10996019042	False		0								[]				
10889502301	10889502301	2010-03-22 16:33:32 EDT	2010-03-22	16:33:32	-0400	77250424	repjerrylewis	Rep. Jerry Lewis		Minutes after passing trillion $ #hcr bill, House Dems introduce surprise $6bil supplemental appropriations bill.   http://bit.ly/aNCVbn	en	[]	[]	[]	0	0	0	['hcr']	[]	https://twitter.com/RepJerryLewis/status/10889502301	False		0								[]				
10870435355	10870435355	2010-03-22 08:58:48 EDT	2010-03-22	08:58:48	-0400	77250424	repjerrylewis	Rep. Jerry Lewis		Good morning. My statement from last night on the #hcr bill:  http://bit.ly/bsxiEM	en	[]	[]	[]	0	0	0	['hcr']	[]	https://twitter.com/RepJerryLewis/status/10870435355	False		0								[]				
10786467252	10786467252	2010-03-20 15:25:32 EDT	2010-03-20	15:25:32	-0400	77250424	repjerrylewis	Rep. Jerry Lewis		 http://twitpic.com/19ttux - View from our office of folks lined up down Independence Ave outside the Capitol letting their voices be heard o	en	[]	[]	[]	0	0	0	[]	[]	https://twitter.com/RepJerryLewis/status/10786467252	False		0								[]				
10688487951	10688487951	2010-03-18 16:42:44 EDT	2010-03-18	16:42:44	-0400	77250424	repjerrylewis	Rep. Jerry Lewis		What is the real cost? Preliminary CBO estimate on #hcr leaves over $100 billion in discretionary spending uncounted:   http://bit.ly/apob12	en	[]	[]	[]	0	0	0	['hcr']	[]	https://twitter.com/RepJerryLewis/status/10688487951	False		0								[]				
10585518409	10585518409	2010-03-16 16:12:43 EDT	2010-03-16	16:12:43	-0400	77250424	repjerrylewis	Rep. Jerry Lewis		Our phones are periodically down due to #hcr calls, but constituents can always connact me via the web at  http://jerrylewis.house.gov	en	[]	[]	[]	0	2	0	['hcr']	[]	https://twitter.com/RepJerryLewis/status/10585518409	False		0								[]				
10572751216	10572751216	2010-03-16 10:44:12 EDT	2010-03-16	10:44:12	-0400	77250424	repjerrylewis	Rep. Jerry Lewis		I uploaded a YouTube video -- Uncle Sam Needs a Diet!  http://youtu.be/-4_OCgymWjM?a	en	[]	[]	[]	0	0	0	[]	[]	https://twitter.com/RepJerryLewis/status/10572751216	False		0								[]				
10571243162	10571243162	2010-03-16 10:07:17 EDT	2010-03-16	10:07:17	-0400	77250424	repjerrylewis	Rep. Jerry Lewis		Appropriations Committee hearing this morning on FY11 Budget Outlook w/ OMB, Treasury and CEA. Watch on webcast:  http://bit.ly/930DsH	en	[]	[]	[]	0	0	0	[]	[]	https://twitter.com/RepJerryLewis/status/10571243162	False		0								[]				
10331311011	10331311011	2010-03-11 12:18:27 EST	2010-03-11	12:18:27	-0400	77250424	repjerrylewis	Rep. Jerry Lewis		My statement on House GOP Earmark Moratorium:  http://bit.ly/9W43Mp	en	[]	[]	[]	0	0	0	[]	[]	https://twitter.com/RepJerryLewis/status/10331311011	False		0								[]				
10283076861	10281841749	2010-03-10 13:32:10 EST	2010-03-10	13:32:10	-0400	77250424	repjerrylewis	Rep. Jerry Lewis		@aguilarpete Thank you for a great visit and the follow on twitter.	en	[]	[]	[]	0	0	0	[]	[]	https://twitter.com/RepJerryLewis/status/10283076861	False		0								[]				
10230077873	10230077873	2010-03-09 12:34:34 EST	2010-03-09	12:34:34	-0400	77250424	repjerrylewis	Rep. Jerry Lewis		Congratulations to Alma Fornal of Highland, being awarded Congressional Gold Medal in DC tomorrow for service in WW2  http://bit.ly/blFdsE	en	[]	[]	[]	0	0	0	[]	[]	https://twitter.com/RepJerryLewis/status/10230077873	False		0								[]				
10087283591	10087283591	2010-03-06 14:54:45 EST	2010-03-06	14:54:45	-0400	77250424	repjerrylewis	Rep. Jerry Lewis		Had great participation in a telephone townhall with my constituents this afternoon. The top subjects were: #healthcare #jobs and #economy	en	[]	[]	[]	0	0	0	['healthcare', 'jobs', 'economy']	[]	https://twitter.com/RepJerryLewis/status/10087283591	False		0								[]				
9988143278	9988143278	2010-03-04 14:59:25 EST	2010-03-04	14:59:25	-0400	77250424	repjerrylewis	Rep. Jerry Lewis		No more budget gimmicks or bailouts of the highway trust fund. My House floor statement:  http://republicans.appropriations.house.gov	en	[]	[]	[]	0	0	0	[]	[]	https://twitter.com/RepJerryLewis/status/9988143278	False		0								[]				
9976593853	9976593853	2010-03-04 09:57:54 EST	2010-03-04	09:57:54	-0400	77250424	repjerrylewis	Rep. Jerry Lewis		My friend Sec. Shinseki is testifying on Veterans budget today at 10am. Webcast available at:  http://appropriations.house.gov/calendar.aspx	en	[]	[]	[]	0	0	0	[]	[]	https://twitter.com/RepJerryLewis/status/9976593853	False		0								[]				
9940734804	9940734804	2010-03-03 16:07:22 EST	2010-03-03	16:07:22	-0400	77250424	repjerrylewis	Rep. Jerry Lewis		How much will #healthcare cost?  http://republicans.appropriations.house.gov/index.cfm?FuseAction=PressReleases.Detail&PressRelease_id=171	en	[]	[]	[]	0	0	0	['healthcare']	[]	https://twitter.com/RepJerryLewis/status/9940734804	False		0								[]				
9696805576	9696805576	2010-02-26 16:13:39 EST	2010-02-26	16:13:39	-0400	77250424	repjerrylewis	Rep. Jerry Lewis		SB Sun: Inland Empire lawmakers react to healthcare summit  http://www.sbsun.com/news/ci_14472972 #hcr #hcsummit	en	[]	[]	[]	0	0	0	['hcr', 'hcsummit']	[]	https://twitter.com/RepJerryLewis/status/9696805576	False		0								[]				
9646966295	9646966295	2010-02-25 17:40:33 EST	2010-02-25	17:40:33	-0400	77250424	repjerrylewis	Rep. Jerry Lewis		My reaction to today's healthcare summit:  http://jerrylewis.house.gov/showarticle.asp?ID=313 #hcr	en	[]	[]	[]	0	0	0	['hcr']	[]	https://twitter.com/RepJerryLewis/status/9646966295	False		0								[]				
9628619664	9627585070	2010-02-25 09:52:38 EST	2010-02-25	09:52:38	-0400	77250424	repjerrylewis	Rep. Jerry Lewis		@JudgeCarter Thank you for the welcome to twitter!	en	[]	[]	[]	0	1	0	[]	[]	https://twitter.com/RepJerryLewis/status/9628619664	False		0								[]				
9581116104	9581116104	2010-02-24 10:52:31 EST	2010-02-24	10:52:31	-0400	77250424	repjerrylewis	Rep. Jerry Lewis		My letter to Speaker Pelosi- hold off on #healthcare vote until we know the true cost:  http://jerrylewis.house.gov/showarticle.asp?ID=312	en	[]	[]	[]	0	1	0	['healthcare']	[]	https://twitter.com/RepJerryLewis/status/9581116104	False		0								[]				
9580959910	9580959910	2010-02-24 10:48:28 EST	2010-02-24	10:48:28	-0400	77250424	repjerrylewis	Rep. Jerry Lewis		Please take a look at my newly launched website:  http://www.house.gov/jerrylewis	en	[]	[]	[]	0	1	0	[]	[]	https://twitter.com/RepJerryLewis/status/9580959910	False		0								[]				
