ID,Label,Interval ,dw_nominate,inferred_party,party,first_name,last_name,state,twitter_account,filtered_tweet_count,Position
25086658,25086658,,0.513,R,R,Bill,Posey,FL,CongBillPosey,3,rep
2970279814,2970279814,,-0.408,D,D,Debbie,Dingell,MI,RepDebDingell,328,rep
1068499286,1068499286,,-0.313,D,D,Denny,Heck,WA,RepDennyHeck,236,rep
252819323,252819323,,0.294,R,R,Tom,Reed,NY,RepTomReed,325,rep
479872233,479872233,,-0.471,D,D,Lucille,Roybal-Allard,CA,RepRoybalAllard,510,rep
26051676,26051676,,0.404,R,R,Gus,Bilirakis,FL,RepGusBilirakis,80,rep
581141508,581141508,,-0.35,D,D,Marcy,Kaptur,OH,RepMarcyKaptur,433,rep
1883356866,1883356866,,0.602,R,R,John,Duncan,TN,RepJohnDuncanJr,8,rep
950328072,950328072,,0.562,R,R,Robert,Pittenger,NC,RepPittenger,272,rep
993153006,993153006,,0.296,R,R,Rodney,Davis,IL,RodneyDavis,620,rep
742735530287304704,742735530287304704,,0.792,R,R,Warren,Davidson,OH,WarrenDavidson,386,rep
76452765,76452765,,0.361,R,R,Robert,Aderholt,AL,Robert_Aderholt,43,rep
140519774,140519774,,-0.416,D,D,Rosa,DeLauro,CT,RosaDeLauro,427,rep
85396297,85396297,,-0.344,D,D,Joe,Courtney,CT,RepJoeCourtney,182,rep
24913074,24913074,,-0.383,D,D,Jackie,Speier,CA,RepSpeier,294,rep
818460870573441028,818460870573441028,,0.939,R,R,Thomas,Garrett,VA,RepTomGarrett,262,rep
1089859058,1089859058,,-0.238,D,D,Raul,Ruiz,CA,CongressmanRuiz,154,rep
242873057,242873057,,0.454,R,R,Scott,Tipton,CO,RepTipton,155,rep
50452197,50452197,,-0.399,D,D,John,Larson,CT,RepJohnLarson,200,rep
818713465653051392,818713465653051392,,-0.383,D,D,Darren,Soto,FL,RepDarrenSoto,1232,rep
1140648348,1140648348,,-0.423,D,D,Debbie,Wasserman Schultz,FL,RepDWStweets,169,rep
851621377,851621377,,0.647,R,R,F.,Sensenbrenner,WI,JimPressOffice,124,rep
1305596696,1305596696,,0.513,R,R,Duncan,Hunter,CA,Rep_Hunter,28,rep
1531521632,1531521632,,-0.428,D,D,Joyce,Beatty,OH,RepBeatty,673,rep
164369297,164369297,,-0.547,D,D,Nydia,Velázquez,NY,NydiaVelazquez,1186,rep
19929362,19929362,,0.528,R,R,Joe,Barton,TX,RepJoeBarton,98,rep
19139963,19139963,,0.627,R,R,Dana,Rohrabacher,CA,danarohrabacher,11,rep
2253968388,2253968388,,0.544,R,R,Bradley,Byrne,AL,RepByrne,624,rep
1134292500,1134292500,,-0.305,D,D,Beto,O'Rourke,TX,RepBetoORourke,48,rep
1243902714,1243902714,,-0.283,D,D,Julia,Brownley,CA,JuliaBrownley26,84,rep
402719755,402719755,,0.375,R,R,Mark,Amodei,NV,MarkAmodeiNV2,10,rep
816282029276938240,816282029276938240,,-0.394,D,D,Ruben,Kihuen,NV,RepKihuen,1094,rep
377534571,377534571,,0.527,R,R,William,Thornberry,TX,MacTXPress,134,rep
837722935095930883,837722935095930883,,0.455,R,R,Scott,Taylor,VA,RepScottTaylor,22,rep
518644221,518644221,,0.576,R,R,Brad,Wenstrup,OH,RepBradWenstrup,219,rep
18277655,18277655,,0.26,R,R,Peter,King,NY,RepPeteKing,57,rep
22527499,22527499,,0.374,R,R,Bill,Shuster,PA,RepBillShuster,68,rep
48117116,48117116,,0.616,R,R,Steve,King,IA,SteveKingIA,33,rep
1065995022,1065995022,,0.446,R,R,Jackie,Walorski,IN,RepWalorski,108,rep
47798449,47798449,,0.433,R,R,Mimi,Walters,CA,RepMimiWalters,137,rep
211530910,211530910,,0.428,R,R,Bill,Johnson,OH,RepBillJohnson,89,rep
33655490,33655490,,0.53,R,R,Dennis,Ross,FL,RepDennisRoss,139,rep
1055685948,1055685948,,-0.372,D,D,Rick,Nolan,MN,USRepRickNolan,121,rep
2862577383,2862577383,,0.763,R,R,Ken,Buck,CO,RepKenBuck,32,rep
2962868158,2962868158,,-0.393,D,D,Donald,Beyer,VA,repdonbeyer,802,rep
1058345042,1058345042,,0.574,R,R,Tom,Rice,SC,RepTomRice,96,rep
41417564,41417564,,0.399,R,R,Lloyd,Smucker,PA,RepSmucker,642,rep
818975124460335106,818975124460335106,,0.436,R,R,Don,Bacon,NE,RepDonBacon,883,rep
796736612554117120,796736612554117120,,-0.308,D,D,Jimmy,Panetta,CA,RepJimmyPanetta,230,rep
240427862,240427862,,0.288,R,R,David,McKinley,WV,RepMcKinley,347,rep
2560169238,2560169238,,0.824,R,R,David,Brat,VA,RepDaveBrat,89,rep
404132211,404132211,,-0.364,D,D,Rick,Larsen,WA,RepRickLarsen,224,rep
76132891,76132891,,0.293,R,R,Mike,Simpson,ID,CongMikeSimpson,74,rep
1072008757,1072008757,,0.517,R,R,Chris,Stewart,UT,RepChrisStewart,191,rep
20552026,20552026,,-0.282,D,D,Ed,Perlmutter,CO,RepPerlmutter,130,rep
1128514404,1128514404,,0.254,R,R,David,Valadao,CA,RepDavidValadao,62,rep
254082173,254082173,,0.545,R,R,Joe,Wilson,SC,RepJoeWilson,299,rep
23976316,23976316,,0.601,R,R,Kenny,Marchant,TX,RepKenMarchant,5,rep
3420965229,3420965229,,0.426,R,R,Greg,Gianforte,MT,gregformontana,10,rep
816012124505931780,816012124505931780,,0.545,R,R,David,Kustoff,TN,repdavidkustoff,92,rep
811632636598910976,811632636598910976,,0.433,R,R,Paul,Mitchell,MI,RepPaulMitchell,216,rep
838462994,838462994,,0.617,R,R,James,Comer,KY,kycomer,60,rep
29501253,29501253,,-0.348,D,D,Adam,Schiff,CA,RepAdamSchiff,58,rep
937723303,937723303,,-0.276,D,D,John,Delaney,MD,RepJohnDelaney,307,rep
15361570,15361570,,-0.278,D,D,Jared,Polis,CO,JaredPolis,167,rep
242426145,242426145,,-0.539,D,D,Jim,McGovern,MA,RepMcGovern,1087,rep
296245061,296245061,,0.51,R,R,Adrian,Smith,NE,RepAdrianSmith,246,rep
237862972,237862972,,0.528,R,R,Tim,Walberg,MI,RepWalberg,203,rep
1051446626,1051446626,,0.477,R,R,Ann,Wagner,MO,RepAnnWagner,253,rep
1077446982,1077446982,,0.603,R,R,Roger,Williams,TX,RepRWilliams,232,rep
843636970538618880,843636970538618880,,0.528,R,R,Clay,Higgins,LA,RepClayHiggins,142,rep
112740986,112740986,,-0.263,D,D,Ron,Kind,WI,RepRonKind,13,rep
3317799825,3317799825,,0.579,R,R,Trent,Kelly,MS,reptrentkelly,38,rep
303861808,303861808,,-0.396,D,D,Mike,Thompson,CA,RepThompson,93,rep
23124635,23124635,,0.335,R,R,Tom,Cole,OK,TomColeOK04,150,rep
2974648323,2974648323,,0.398,R,R,Steve,Knight,CA,SteveKnight25,90,rep
234057152,234057152,,0.546,R,R,Morgan,Griffith,VA,RepMGriffith,4,rep
240393970,240393970,,0.741,R,R,Jeffrey,Duncan,SC,RepJeffDuncan,388,rep
2968007206,2968007206,,-0.534,D,D,Mark,DeSaulnier,CA,RepDeSaulnier,299,rep
236916916,236916916,,0.387,R,R,Jim,Renacci,OH,RepJimRenacci,242,rep
221792092,221792092,,-0.389,D,D,Nita,Lowey,NY,NitaLowey,514,rep
1060984272,1060984272,,-0.314,D,D,Elizabeth,Esty,CT,RepEsty,244,rep
787373558,787373558,,-0.438,D,D,Elijah,Cummings,MD,RepCummings,1171,rep
235312723,235312723,,0.593,R,R,Scott,DesJarlais,TN,DesJarlaisTN04,326,rep
305216911,305216911,,-0.478,D,D,Bobby,Rush,IL,RepBobbyRush,182,rep
2966205003,2966205003,,0.615,R,R,Mark,Walker,NC,RepMarkWalker,624,rep
816303263586914304,816303263586914304,,0.215,R,R,Brian,Fitzpatrick,PA,repbrianfitz,271,rep
816131319033950208,816131319033950208,,0.678,R,R,Jim,Banks,IN,RepJimBanks,531,rep
2847221717,2847221717,,0.74,R,R,John,Ratcliffe,TX,RepRatcliffe,352,rep
193872188,193872188,,-0.402,D,D,Peter,Visclosky,IN,RepVisclosky,30,rep
138770045,138770045,,-0.658,D,D,John,Conyers,MI,RepJohnConyers,485,rep
124224165,124224165,,0.339,R,R,Fred,Upton,MI,RepFredUpton,411,rep
1069124515,1069124515,,0.55,R,R,Doug,LaMalfa,CA,RepLaMalfa,91,rep
1089334250,1089334250,,0.486,R,R,Andy,Barr,KY,RepAndyBarr,184,rep
234014087,234014087,,-0.475,D,D,Frederica,Wilson,FL,RepWilson,1037,rep
18773159,18773159,,0.665,R,R,Scott,Perry,PA,RepScottPerry,94,rep
242376736,242376736,,0.244,R,R,Charlie,Dent,PA,RepCharlieDent,90,rep
975200486,975200486,,0.658,R,R,Thomas,Massie,KY,RepThomasMassie,256,rep
161411080,161411080,,-0.448,D,D,Grace,Napolitano,CA,GraceNapolitano,360,rep
156333623,156333623,,-0.438,D,D,Al,Green,TX,RepAlGreen,402,rep
818554054309715969,818554054309715969,,-0.243,D,D,Jacky,Rosen,NV,RepJackyRosen,539,rep
816833925456789505,816833925456789505,,-0.506,D,D,Nanette,Barragán,CA,RepBarragan,845,rep
815733290955112448,815733290955112448,,-0.716,D,D,Pramila,Jayapal,WA,RepJayapal,1634,rep
2750127259,2750127259,,0.363,R,R,Lee,Zeldin,NY,RepLeeZeldin,265,rep
23712174,23712174,,0.384,R,R,Gregg,Harper,MS,GreggHarper,152,rep
239949176,239949176,,-0.586,D,D,Karen,Bass,CA,RepKarenBass,151,rep
815241612154417152,815241612154417152,,0.431,R,R,Jack,Bergman,MI,RepJackBergman,200,rep
246341769,246341769,,0.736,R,R,Raúl,Labrador,ID,Raul_Labrador,50,rep
80612021,80612021,,-0.459,D,D,Sheila,Jackson Lee,TX,JacksonLeeTX18,313,rep
2433737761,2433737761,,-0.564,D,D,Alcee,Hastings,FL,RepHastingsFL,166,rep
37094727,37094727,,0.276,R,R,Mario,Diaz-Balart,FL,MarioDB,595,rep
432676344,432676344,,-0.403,D,D,G.,Butterfield,NC,GKButterfield,580,rep
305620929,305620929,,-0.296,D,D,C.A. Dutch,Ruppersberger,MD,Call_Me_Dutch,372,rep
233842454,233842454,,0.647,R,R,Justin,Amash,MI,justinamash,577,rep
2382685057,2382685057,,0.648,R,R,Rob,Woodall,GA,RepRobWoodall,29,rep
16256269,16256269,,0.641,R,R,Virginia,Foxx,NC,VirginiaFoxx,91,rep
1064206014,1064206014,,-0.28,D,D,Tulsi,Gabbard,HI,TulsiPress,155,rep
1260172386,1260172386,,-0.396,D,D,Juan,Vargas,CA,RepJuanVargas,125,rep
234022257,234022257,,0.506,R,R,Sean,Duffy,WI,RepSeanDuffy,1253,rep
3091316093,3091316093,,-0.302,D,D,Seth,Moulton,MA,teammoulton,196,rep
1058717720,1058717720,,-0.252,D,D,Ann,Kuster,NH,RepAnnieKuster,359,rep
2965083477,2965083477,,0.515,R,R,Rod,Blum,IA,RepRodBlum,187,rep
2964526557,2964526557,,0.577,R,R,Alex,Mooney,WV,RepAlexMooney,138,rep
816157667882373120,816157667882373120,,-0.294,D,D,Salud,Carbajal,CA,RepCarbajal,188,rep
1071840474,1071840474,,-0.164,D,D,Brad,Schneider,IL,repschneider,389,rep
1058917562,1058917562,,-0.307,D,D,Derek,Kilmer,WA,RepDerekKilmer,157,rep
1155335864,1155335864,,-0.519,D,D,Donald,Payne,NJ,RepDonaldPayne,280,rep
235190657,235190657,,0.472,R,R,Chuck,Fleischmann,TN,RepChuck,86,rep
237299871,237299871,,0.601,R,R,Mo,Brooks,AL,RepMoBrooks,158,rep
219429281,219429281,,0.27,R,R,Adam,Kinzinger,IL,RepKinzinger,334,rep
237814920,237814920,,0.49,R,R,Randy,Hultgren,IL,RepHultgren,166,rep
384913290,384913290,,-0.378,D,D,John,Yarmuth,KY,RepJohnYarmuth,377,rep
2966758114,2966758114,,0.475,R,R,Steve,Russell,OK,RepRussell,29,rep
1060370282,1060370282,,0.506,R,R,Markwayne,Mullin,OK,RepMullin,145,rep
51228911,51228911,,0.266,R,R,Michael,Turner,OH,RepMikeTurner,212,rep
15356407,15356407,,0.426,R,R,Robert,Wittman,VA,RobWittman,188,rep
190328374,190328374,,0.748,R,R,Tom,Graves,GA,RepTomGraves,160,rep
2963445730,2963445730,,0.376,R,R,Will,Hurd,TX,hurdonthehill,398,rep
240812994,240812994,,-0.616,D,D,Yvette,Clarke,NY,RepYvetteClarke,917,rep
13491312,13491312,,-0.403,D,D,Tim,Ryan,OH,RepTimRyan,319,rep
1206227149,1206227149,,-0.549,D,D,Mark,Pocan,WI,RepMarkPocan,931,rep
31611298,31611298,,-0.241,D,D,Jim,Himes,CT,JAHimes,242,rep
2916086925,2916086925,,-0.47,D,D,Alma,Adams,NC,RepAdams,796,rep
278145569,278145569,,0.615,R,R,Marsha,Blackburn,TN,MarshaBlackburn,111,rep
33563161,33563161,,-0.491,D,D,José,Serrano,NY,RepJoseSerrano,213,rep
267938462,267938462,,-0.402,D,D,Zoe,Lofgren,CA,RepZoeLofgren,276,rep
36686040,36686040,,-0.655,D,D,Maxine,Waters,CA,RepMaxineWaters,126,rep
2914571740,2914571740,,0.45,R,R,Mike,Bishop,MI,RepMikeBishop,263,rep
1092757885,1092757885,,0.689,R,R,Jim,Bridenstine,OK,RepJBridenstine,2,rep
37920978,37920978,,0.496,R,R,Robert,Goodlatte,VA,RepGoodlatte,347,rep
153944899,153944899,,-0.402,D,D,Lloyd,Doggett,TX,RepLloydDoggett,677,rep
2914163523,2914163523,,0.678,R,R,Barry,Loudermilk,GA,RepLoudermilk,96,rep
815985039485837312,815985039485837312,,-0.273,D,D,J.,Correa,CA,RepLouCorrea,123,rep
1880674038,1880674038,,-0.439,D,D,Kathy,Castor,FL,USRepKCastor,564,rep
2953494478,2953494478,,0.412,R,R,Ryan,Zinke,MT,RepRyanZinke,0,rep
16102244,16102244,,0.224,R,R,Dave,Reichert,WA,DaveReichert,411,rep
22545491,22545491,,0.349,R,R,Ken,Calvert,CA,KenCalvert,146,rep
2968451607,2968451607,,-0.647,D,D,Bonnie,Watson Coleman,NJ,RepBonnie,890,rep
6577802,6577802,,0.644,R,R,Tom,Price,GA,RepTomPrice,0,rep
1262814457,1262814457,,-0.275,D,D,Tim,Walz,MN,RepTimWalz,591,rep
806906355214852096,806906355214852096,,-0.553,D,D,Jamie,Raskin,MD,repraskin,1664,rep
299883942,299883942,,0.492,R,R,Steven,Palazzo,MS,CongPalazzo,115,rep
2951574214,2951574214,,0.504,R,R,Garret,Graves,LA,RepGarretGraves,195,rep
1071102246,1071102246,,-0.427,D,D,Jared,Huffman,CA,RepHuffman,216,rep
18566912,18566912,,0.703,R,R,Jeb,Hensarling,TX,RepHensarling,60,rep
50152441,50152441,,0.751,R,R,Tom,McClintock,CA,RepMcClintock,0,rep
3122099613,3122099613,,-0.425,D,D,Donald,Norcross,NJ,DonaldNorcross,345,rep
24195214,24195214,,-0.607,D,D,Jan,Schakowsky,IL,JanSchakowsky,760,rep
322013313,322013313,,-0.487,D,D,Luis,Gutiérrez,IL,LuisGutierrez,0,rep
17800215,17800215,,0.647,R,R,Jason,Chaffetz,UT,JasonInTheHouse,381,rep
2852998461,2852998461,,0.548,R,R,Bruce,Westerman,AR,RepWesterman,648,rep
234797704,234797704,,0.571,R,R,Austin,Scott,GA,AustinScottGA08,95,rep
88806753,88806753,,-0.309,D,D,John,Garamendi,CA,RepGaramendi,720,rep
815966620300480514,815966620300480514,,0.54,R,R,Mike,Gallagher,WI,RepGallagher,294,rep
33977070,33977070,,0.338,R,R,Mike,Rogers,AL,RepMikeRogersAL,30,rep
823552974253342721,823552974253342721,,-0.342,D,D,Anthony,Brown,MD,RepAnthonyBrown,511,rep
828977216595849216,828977216595849216,,0.347,R,R,John,Rutherford,FL,RepRutherfordFL,86,rep
808416682972770304,808416682972770304,,-0.166,D,D,Tom,O'Halleran,AZ,repohalleran,282,rep
2953974395,2953974395,,0.471,R,R,French,Hill,AR,RepFrenchHill,160,rep
816111677917851649,816111677917851649,,0.569,R,R,Francis,Rooney,FL,RepRooney,232,rep
976969338,976969338,,0.254,R,R,Dave,Joyce,OH,RepDaveJoyce,90,rep
1222257180,1222257180,,-0.379,D,D,Tony,Cárdenas,CA,RepCardenas,165,rep
806583915012046854,806583915012046854,,0.53,R,R,A.,Ferguson,GA,RepDrewFerguson,141,rep
2929491549,2929491549,,0.701,R,R,Brian,Babin,TX,RepBrianBabin,177,rep
22012091,22012091,,-0.38,D,D,Steny,Hoyer,MD,WhipHoyer,1203,rep
1908143071,1908143071,,0.413,R,R,Brett,Guthrie,KY,RepGuthrie,71,rep
267854863,267854863,,-0.478,D,D,Cedric,Richmond,LA,RepRichmond,100,rep
163570705,163570705,,-0.455,D,D,Emanuel,Cleaver,MO,RepCleaver,273,rep
442824717,442824717,,-0.417,D,D,Richard,Neal,MA,RepRichardNeal,279,rep
18916432,18916432,,0.556,R,R,Paul,Ryan,WI,SpeakerRyan,1138,rep
234822928,234822928,,0.461,R,R,Bob,Gibbs,OH,RepBobGibbs,103,rep
1048784496,1048784496,,0.392,R,R,Kevin,Cramer,ND,RepKevinCramer,140,rep
17544524,17544524,,0.6,R,R,Todd,Rokita,IN,ToddRokita,104,rep
1058460818,1058460818,,0.657,R,R,George,Holding,NC,RepHolding,15,rep
1045853744,1045853744,,0.564,R,R,Luke,Messer,IN,RepLukeMesser,129,rep
2962813893,2962813893,,0.218,R,R,Elise,Stefanik,NY,RepStefanik,208,rep
235251868,235251868,,0.398,R,R,Kristi,Noem,SD,RepKristiNoem,29,rep
153486399,153486399,,-0.583,D,D,Marcia,Fudge,OH,RepMarciaFudge,173,rep
252819642,252819642,,0.559,R,R,Kevin,Yoder,KS,RepKevinYoder,470,rep
237750442,237750442,,0.585,R,R,Steven,Chabot,OH,RepSteveChabot,248,rep
819744763020775425,819744763020775425,,,R,R,Jenniffer,González-Colón,PR,repjenniffer,1182,rep
240760644,240760644,,0.62,R,R,Paul,Gosar,AZ,RepGosar,650,rep
817138492614524928,817138492614524928,,0.728,R,R,Ted,Budd,NC,RepTedBudd,152,rep
2914515430,2914515430,,0.436,R,R,Tom,Emmer,MN,RepTomEmmer,308,rep
249288197,249288197,,0.61,R,R,Sam,Johnson,TX,SamsPressShop,23,rep
199325935,199325935,,-0.429,D,D,André,Carson,IN,RepAndreCarson,55,rep
798973032362606600,798973032362606600,,-0.349,D,D,Val,Demings,FL,RepValDemings,785,rep
1410590874,1410590874,,-0.408,D,D,Peter,Welch,VT,PeterWelch,251,rep
815952318487298048,815952318487298048,,0.507,R,R,Neal,Dunn,FL,drnealdunnfl2,142,rep
1037321378,1037321378,,-0.466,D,D,Mark,Takano,CA,RepMarkTakano,126,rep
834069080,834069080,,0.612,R,R,David,Rouzer,NC,RepDavidRouzer,75,rep
32010840,32010840,,0.339,R,R,Greg,Walden,OR,RepGregWalden,52,rep
2964949642,2964949642,,0.344,R,R,Martha,McSally,AZ,RepMcSally,95,rep
19318314,19318314,,-0.369,D,D,Ben,Luján,NM,RepBenRayLujan,115,rep
880480631108644864,880480631108644864,,0.688,R,R,Ralph,Norman,SC,RepRalphNorman,222,rep
1849261916,1849261916,,0.446,R,R,Blaine,Luetkemeyer,MO,RepBlaine,40,rep
818948638890217473,818948638890217473,,0.738,R,R,Matt,Gaetz,FL,RepMattGaetz,657,rep
168673083,168673083,,-0.301,D,D,David,Scott,GA,RepDavidScott,98,rep
2371339658,2371339658,,-0.613,D,D,Jimmy,Gomez,CA,RepJimmyGomez,360,rep
38254095,38254095,,-0.435,D,D,Doris,Matsui,CA,DorisMatsui,264,rep
816652616625168388,816652616625168388,,0.895,R,R,Andy,Biggs,AZ,RepAndyBiggsAZ,654,rep
816047090849746945,816047090849746945,,0.505,R,R,Jason,Lewis,MN,RepJasonLewis,233,rep
911302336307490816,911302336307490816,,0.499,R,R,Karen,Handel,GA,RepKHandel,34,rep
19739126,19739126,,0.462,R,R,Kevin,McCarthy,CA,GOPLeader,508,rep
239871673,239871673,,0.278,R,R,Lou,Barletta,PA,RepLouBarletta,166,rep
1339931490,1339931490,,-0.461,D,D,Robin,Kelly,IL,RepRobinKelly,311,rep
613725908,613725908,,0.329,R,R,Leonard,Lance,NJ,RepLanceNJ7,46,rep
814179031956488192,814179031956488192,,-0.313,D,D,Raja,Krishnamoorthi,IL,congressmanraja,794,rep
24183358,24183358,,0.503,R,R,John,Culberson,TX,CongCulberson,193,rep
1382011333,1382011333,,0.291,R,R,Rodney,Frelinghuysen,NJ,USRepRodney,40,rep
22669526,22669526,,-0.531,D,D,Gwen,Moore,WI,RepGwenMoore,254,rep
2966765501,2966765501,,0.209,R,R,John,Katko,NY,RepJohnKatko,242,rep
56864092,56864092,,-0.32,D,D,Mike,Quigley,IL,RepMikeQuigley,276,rep
26424123,26424123,,0.45,R,R,Michael,McCaul,TX,RepMcCaul,351,rep
29766367,29766367,,0.432,R,R,Sam,Graves,MO,RepSamGraves,191,rep
161743731,161743731,,0.392,R,R,Kay,Granger,TX,RepKayGranger,48,rep
942156122,942156122,,-0.363,D,D,Eric,Swalwell,CA,RepSwalwell,562,rep
854715071116849157,854715071116849157,,0.561,R,R,Ron,Estes,KS,RepRonEstes,88,rep
137794015,137794015,,-0.401,D,D,Ted,Deutch,FL,RepTedDeutch,911,rep
1444015610,1444015610,,0.552,R,R,Billy,Long,MO,USRepLong,84,rep
19926675,19926675,,0.518,R,R,Kevin,Brady,TX,RepKevinBrady,694,rep
115676070,115676070,,-0.148,D,D,Collin,Peterson,MN,collinpeterson,70,rep
231108733,231108733,,-0.395,D,D,Brendan,Boyle,PA,RepBrendanBoyle,171,rep
22812754,22812754,,-0.412,D,D,Gregory,Meeks,NY,RepGregoryMeeks,410,rep
18805303,18805303,,0.299,R,R,Jeff,Fortenberry,NE,JeffFortenberry,206,rep
242772524,242772524,,0.363,R,R,Frank,Lucas,OK,RepFrankLucas,12,rep
314205957,314205957,,0.443,R,R,David,Young,IA,RepDavidYoung,156,rep
249410485,249410485,,-0.282,D,D,Sanford,Bishop,GA,SanfordBishop,40,rep
148453195,148453195,,-0.484,D,D,Robert,Brady,PA,RepBrady,18,rep
817050219007328258,817050219007328258,,-0.326,D,D,Lisa,Blunt Rochester,DE,RepLBR,52,rep
2970462034,2970462034,,-0.289,D,D,Kathleen,Rice,NY,RepKathleenRice,225,rep
2861616083,2861616083,,0.778,R,R,Gary,Palmer,AL,USRepGaryPalmer,66,rep
29450962,29450962,,-0.59,D,D,John,Lewis,GA,RepJohnLewis,29,rep
210926192,210926192,,-0.226,D,D,Henry,Cuellar,TX,RepCuellar,139,rep
1055730738,1055730738,,-0.45,D,D,Alan,Lowenthal,CA,RepLowenthal,371,rep
827279765287559171,827279765287559171,,0.567,R,R,Mike,Johnson,LA,RepMikeJohnson,219,rep
1074129612,1074129612,,-0.404,D,D,Marc,Veasey,TX,RepVeasey,264,rep
20053279,20053279,,0.54,R,R,Pete,Olson,TX,RepPeteOlson,131,rep
242926427,242926427,,0.38,R,R,Jaime,Herrera Beutler,WA,HerreraBeutler,47,rep
797201048490430465,797201048490430465,,0.272,R,R,Claudia,Tenney,NY,RepTenney,285,rep
39249305,39249305,,-0.329,D,D,Mike,Doyle,PA,USRepMikeDoyle,108,rep
1209417007,1209417007,,0.561,R,R,Steve,Scalise,LA,SteveScalise,782,rep
126171100,126171100,,-0.315,D,D,Carol,Shea-Porter,NH,repsheaporter,26,rep
237312687,237312687,,0.604,R,R,Bill,Flores,TX,RepBillFlores,468,rep
824281456079933442,824281456079933442,,-0.512,D,D,Xavier,Becerra,CA,RepBecerra,0,rep
2932617195,2932617195,,0.362,R,R,Bruce,Poliquin,ME,RepPoliquin,97,rep
14984637,14984637,,-0.421,D,D,Chellie,Pingree,ME,ChelliePingree,257,rep
2293131060,2293131060,,-0.491,D,D,Katherine,Clark,MA,RepKClark,241,rep
18166778,18166778,,0.709,R,R,Jim,Jordan,OH,Jim_Jordan,352,rep
310310133,310310133,,-0.351,D,D,Stephen,Lynch,MA,RepStephenLynch,111,rep
3353670647,3353670647,,0.226,R,R,Daniel,Donovan,NY,RepDanDonovan,259,rep
816030424778543104,816030424778543104,,-0.209,D,D,Charlie,Crist,FL,repcharliecrist,167,rep
17513304,17513304,,0.403,R,R,Erik,Paulsen,MN,RepErikPaulsen,258,rep
2724095695,2724095695,,,D,D,Stacey,Plaskett,VI,staceyplaskett,268,rep
1058051748,1058051748,,0.699,R,R,Randy,Weber,TX,TXRandy14,34,rep
28602948,28602948,,-0.599,D,D,Raúl,Grijalva,AZ,RepraulGrijalva,409,rep
242892689,242892689,,-0.396,D,D,Niki,Tsongas,MA,NikiInTheHouse,336,rep
241207373,241207373,,0.211,R,R,Frank,LoBiondo,NJ,RepLoBiondo,96,rep
814103950404239360,814103950404239360,,0.329,R,R,Brian,Mast,FL,repbrianmast,347,rep
2962994194,2962994194,,0.206,R,R,Tom,MacArthur,NJ,RepTomMacArthur,109,rep
22523087,22523087,,-0.161,D,D,Jim,Cooper,TN,RepJimCooper,102,rep
188019606,188019606,,-0.464,D,D,James,Clyburn,SC,Clyburn,93,rep
385429543,385429543,,-0.26,D,D,Jerry,McNerney,CA,RepMcNerney,74,rep
235271965,235271965,,0.47,R,R,Steve,Pearce,NM,RepStevePearce,53,rep
164007407,164007407,,-0.408,D,D,Eliot,Engel,NY,RepEliotEngel,908,rep
58928690,58928690,,-0.284,D,D,Adam,Smith,WA,RepAdamSmith,473,rep
161791703,161791703,,-0.451,D,D,Robert,Scott,VA,BobbyScott,668,rep
18909919,18909919,,-0.376,D,D,Jim,Langevin,RI,JimLangevin,213,rep
84119348,84119348,,-0.422,D,D,Paul,Tonko,NY,RepPaulTonko,530,rep
1135486501,1135486501,,-0.176,D,D,Scott,Peters,CA,RepScottPeters,297,rep
1037341536592310272,1037341536592310272,,,R,R,Troy,Balderson,OH,RepBalderson,6,rep
63169388,63169388,,-0.465,D,D,Louise,Slaughter,NY,LouiseSlaughter,29,rep
78445977,78445977,,-0.308,D,D,Gerald,Connolly,VA,GerryConnolly,585,rep
816181091673448448,816181091673448448,,-0.395,D,D,A.,McEachin,VA,RepMcEachin,651,rep
1074412920,1074412920,,0.39,R,R,Paul,Cook,CA,RepPaulCook,12,rep
240363117,240363117,,0.351,R,R,Tom,Marino,PA,RepTomMarino,25,rep
18696134,18696134,,-0.404,D,D,Albio,Sires,NJ,RepSires,190,rep
248699486,248699486,,0.306,R,R,Jeffrey,Denham,CA,RepJeffDenham,69,rep
110545675,110545675,,0.58,R,R,Diane,Black,TN,RepDianeBlack,301,rep
1009269193,1009269193,,-0.232,D,D,Daniel,Lipinski,IL,RepLipinski,291,rep
74508260,74508260,,-0.367,D,D,Bill,Pascrell,NJ,BillPascrell,427,rep
237763317,237763317,,0.496,R,R,Vicky,Hartzler,MO,RepHartzler,175,rep
1092979962,1092979962,,-0.235,D,D,Cheri,Bustos,IL,RepCheri,549,rep
235373000,235373000,,-0.37,D,D,Colleen,Hanabusa,HI,RepHanabusa,208,rep
776664410,776664410,,-0.371,D,D,Matt,Cartwright,PA,RepCartwright,63,rep
1071900114,1071900114,,0.699,R,R,Ted,Yoho,FL,RepTedYoho,76,rep
234812598,234812598,,0.39,R,R,Larry,Bucshon,IN,RepLarryBucshon,224,rep
816719802328715264,816719802328715264,,0.527,R,R,Liz,Cheney,WY,RepLizCheney,12,rep
1055907624,1055907624,,-0.422,D,D,Joseph,Kennedy,MA,RepJoeKennedy,533,rep
1045110018,1045110018,,-0.394,D,D,Dan,Kildee,MI,RepDanKildee,570,rep
2964287128,2964287128,,0.617,R,R,Rick,Allen,GA,reprickallen,39,rep
224294785,224294785,,0.367,R,R,Martha,Roby,AL,RepMarthaRoby,202,rep
19407835,19407835,,0.492,R,R,Mike,Coffman,CO,RepMikeCoffman,196,rep
30216513,30216513,,-0.341,D,D,Brad,Sherman,CA,BradSherman,98,rep
281540744,281540744,,0.484,R,R,Daniel,Webster,FL,RepWebster,36,rep
122174004,122174004,,-0.3,D,D,Dina,Titus,NV,RepDinaTitus,673,rep
818472418620608512,818472418620608512,,-0.254,D,D,Al,Lawson,FL,RepAlLawsonJr,169,rep
148006729,148006729,,0.531,R,R,Rob,Bishop,UT,RepRobBishop,0,rep
17896154,17896154,,0.548,R,R,Blake,Farenthold,TX,Farenthold,139,rep
295685416,295685416,,0.59,R,R,K.,Conaway,TX,ConawayTX11,125,rep
162069635,162069635,,-0.401,D,D,Steve,Cohen,TN,RepCohen,817,rep
20467163,20467163,,0.359,R,R,Vern,Buchanan,FL,VernBuchanan,30,rep
364415553,364415553,,-0.469,D,D,John,Sarbanes,MD,RepSarbanes,144,rep
245451804,245451804,,-0.188,D,D,Jim,Costa,CA,RepJimCosta,21,rep
960962340,960962340,,0.607,R,R,Andy,Harris,MD,RepAndyHarrisMD,106,rep
155669457,155669457,,-0.343,D,D,David,Price,NC,RepDavidEPrice,353,rep
2953922782,2953922782,,0.217,R,R,Ryan,Costello,PA,RepRyanCostello,166,rep
2863006655,2863006655,,-0.442,D,D,Brenda,Lawrence,MI,RepLawrence,510,rep
252249233,252249233,,-0.429,D,D,Peter,DeFazio,OR,RepPeterDeFazio,46,rep
15600527,15600527,,0.371,R,R,John,Shimkus,IL,RepShimkus,281,rep
18967498,18967498,,0.307,R,R,Glenn,Thompson,PA,CongressmanGT,410,rep
931614483050414080,931614483050414080,,0.585,R,R,John,Curtis,UT,RepJohnCurtis,211,rep
995193054,995193054,,-0.279,D,D,Suzan,DelBene,WA,RepDelBene,217,rep
1072467470,1072467470,,-0.235,D,D,Sean,Maloney,NY,RepSeanMaloney,373,rep
15764644,15764644,,-0.49,D,D,Nancy,Pelosi,CA,NancyPelosi,1104,rep
229197216,229197216,,0.633,R,R,David,Schweikert,AZ,RepDavid,66,rep
2976598347,2976598347,,0.544,R,R,Mia,Love,UT,repmialove,104,rep
550401754,550401754,,0.333,R,R,Harold,Rogers,KY,RepHalRogers,209,rep
816284664658874368,816284664658874368,,0.557,R,R,Jodey,Arrington,TX,RepArrington,228,rep
2973870195,2973870195,,0.572,R,R,Buddy,Carter,GA,RepBuddyCarter,137,rep
1074101017,1074101017,,0.376,R,R,Susan,Brooks,IN,SusanWBrooks,813,rep
34715823,34715823,,0.735,R,R,Debbie,Lesko,AZ,DebbieLesko,887,rep
211420609,211420609,,0.299,R,R,Steve,Stivers,OH,RepSteveStivers,98,rep
1623308912,1623308912,,0.614,R,R,Jason,Smith,MO,RepJasonSmith,3,rep
22509548,22509548,,0.506,R,R,Darrell,Issa,CA,DarrellIssa,347,rep
789244177,789244177,,-0.486,D,D,Danny,Davis,IL,RepDannyDavis,283,rep
15394954,15394954,,0.52,R,R,Robert,Latta,OH,BobLatta,223,rep
462143773,462143773,,-0.39,D,D,David,Cicilline,RI,RepCicilline,221,rep
111635527,111635527,,-0.324,D,D,Gene,Green,TX,RepGeneGreen,375,rep
1499993378,1499993378,,0.697,R,R,Mark,Sanford,SC,RepSanfordSC,165,rep
432771620,432771620,,-0.343,D,D,Susan,Davis,CA,RepSusanDavis,42,rep
231510077,231510077,,-0.395,D,D,Joaquín,Castro,TX,JoaquinCastrotx,936,rep
1083448909,1083448909,,-0.312,D,D,Filemon,Vela,TX,RepFilemonVela,96,rep
3026622545,3026622545,,,R,R,Amata,Radewagen,AS,RepAmata,76,rep
14135426,14135426,,-0.537,D,D,Keith,Ellison,MN,KeithEllison,808,rep
815310506596691968,815310506596691968,,-0.134,D,D,Josh,Gottheimer,NJ,RepJoshG,330,rep
2962891515,2962891515,,0.507,R,R,Ralph,Abraham,LA,RepAbraham,68,rep
111635980,111635980,,-0.411,D,D,Joseph,Crowley,NY,RepJoeCrowley,608,rep
516880804,516880804,,-0.418,D,D,Betty,McCollum,MN,BettyMcCollum04,449,rep
37007274,37007274,,0.279,R,R,Don,Young,AK,RepDonYoung,45,rep
26778110,26778110,,0.244,R,R,Walter,Jones,NC,RepWalterJones,163,rep
15856366,15856366,,0.425,R,R,Lamar,Smith,TX,LamarSmithTX21,338,rep
246769138,246769138,,0.658,R,R,Edward,Royce,CA,RepEdRoyce,335,rep
963480595,963480595,,0.621,R,R,Mark,Meadows,NC,RepMarkMeadows,440,rep
236279233,236279233,,-0.358,D,D,Norma,Torres,CA,NormaJTorres,224,rep
950783972,950783972,,-0.228,D,D,Ami,Bera,CA,RepBera,62,rep
935033864,935033864,,0.672,R,R,Richard,Hudson,NC,RepRichHudson,395,rep
249348006,249348006,,-0.382,D,D,Anna,Eshoo,CA,RepAnnaEshoo,412,rep
28599820,28599820,,-0.432,D,D,Diana,DeGette,CO,RepDianaDeGette,238,rep
23600262,23600262,,,D,D,Eleanor,Norton,DC,EleanorNorton,522,rep
233949261,233949261,,0.633,R,R,Bill,Huizenga,MI,RepHuizenga,220,rep
31801993,31801993,,-0.404,D,D,Frank,Pallone,NJ,FrankPallone,459,rep
33576489,33576489,,-0.346,D,D,Brian,Higgins,NY,RepBrianHiggins,297,rep
193732179,193732179,,-0.49,D,D,Judy,Chu,CA,RepJudyChu,358,rep
467823431,467823431,,-0.486,D,D,Hakeem,Jeffries,NY,RepJeffries,129,rep
2976606250,2976606250,,0.61,R,R,Glenn,Grothman,WI,RepGrothman,195,rep
52503751,52503751,,0.493,R,R,Phil,Roe,TN,DrPhilRoe,249,rep
23970171,23970171,,0.458,R,R,Tom,Rooney,FL,TomRooney,59,rep
19658173,19658173,,0.523,R,R,Lynn,Jenkins,KS,RepLynnJenkins,107,rep
90639372,90639372,,-0.452,D,D,Dwight,Evans,PA,RepDwightEvans,1479,rep
381152398,381152398,,-0.39,D,D,Terri,Sewell,AL,RepTerriSewell,302,rep
24735461,24735461,,0.585,R,R,Pete,Sessions,TX,PeteSessions,147,rep
234469322,234469322,,0.347,R,R,Steve,Womack,AR,Rep_SteveWomack,295,rep
82453460,82453460,,-0.516,D,D,Bennie,Thompson,MS,BennieGThompson,482,rep
1240107944,1240107944,,0.495,R,R,Roger,Marshall,KS,RogerMarshallMD,376,rep
24745957,24745957,,-0.469,D,D,Hank,Johnson,GA,RepHankJohnson,515,rep
233693291,233693291,,0.381,R,R,Rick,Crawford,AR,RepRickCrawford,339,rep
258900199,258900199,,-0.387,D,D,Carolyn,Maloney,NY,RepMaloney,664,rep
20015903,20015903,,0.429,R,R,Peter,Roskam,IL,PeterRoskam,178,rep
232992031,232992031,,-0.329,D,D,Bill,Keating,MA,USRepKeating,10,rep
22055226,22055226,,0.602,R,R,Louie,Gohmert,TX,RepLouieGohmert,404,rep
15751083,15751083,,0.569,R,R,Michael,Burgess,TX,MichaelCBurgess,62,rep
237348797,237348797,,0.656,R,R,Trey,Gowdy,SC,TGowdySC,86,rep
2964877294,2964877294,,0.259,R,R,Mike,Bost,IL,RepBost,266,rep
3018670151,3018670151,,-0.284,D,D,Pete,Aguilar,CA,reppeteaguilar,116,rep
2966570782,2966570782,,-0.455,D,D,Ruben,Gallego,AZ,RepRubenGallego,512,rep
558769636,558769636,,-0.393,D,D,Suzanne,Bonamici,OR,RepBonamici,523,rep
584912320,584912320,,-0.48,D,D,William,Clay,MO,LacyClayMO1,387,rep
1058807868,1058807868,,0.663,R,R,Ron,DeSantis,FL,RepDeSantis,53,rep
2975091705,2975091705,,0.734,R,R,Jody,Hice,GA,congressmanhice,336,rep
248735463,248735463,,-0.685,D,D,Barbara,Lee,CA,RepBarbaraLee,616,rep
1077121945,1077121945,,-0.404,D,D,Lois,Frankel,FL,RepLoisFrankel,609,rep
510516465,510516465,,-0.276,D,D,Dave,Loebsack,IA,DaveLoebsack,60,rep
935368364,935368364,,0.319,R,R,Mike,Kelly,PA,MikeKellyPA,167,rep
1289319271,1289319271,,0.161,R,R,Christopher,Smith,NJ,RepChrisSmith,20,rep
1155212191,1155212191,,0.496,R,R,Keith,Rothfus,PA,KeithRothfus,143,rep
3686482216,3686482216,,0.451,R,R,Darin,LaHood,IL,RepLaHood,186,rep
27676828,27676828,,0.578,R,R,Patrick,McHenry,NC,PatrickMcHenry,169,rep
2933760046,2933760046,,0.277,R,R,Barbara,Comstock,VA,RepComstock,280,rep
747806211983179776,747806211983179776,,-0.58,D,D,Michael,Capuano,MA,RepMikeCapuano,37,rep
1061385474,1061385474,,-0.313,D,D,Michelle,Lujan Grisham,NM,RepLujanGrisham,456,rep
1051127714,1051127714,,-0.381,D,D,Grace,Meng,NY,RepGraceMeng,104,rep
817076257770835968,817076257770835968,,-0.625,D,D,Adriano,Espaillat,NY,RepEspaillat,1556,rep
17976923,17976923,,0.43,R,R,Cathy,McMorris Rodgers,WA,CathyMcMorris,689,rep
2930635215,2930635215,,0.363,R,R,Dan,Newhouse,WA,RepNewhouse,250,rep
20545793,20545793,,-0.193,D,D,Kurt,Schrader,OR,RepSchrader,48,rep
796183515998068736,796183515998068736,,-0.152,D,D,Stephanie,Murphy,FL,RepStephMurphy,556,rep
815931811348017152,815931811348017152,,0.235,R,R,John,Faso,NY,RepJohnFaso,118,rep
2853309155,2853309155,,0.211,R,R,Carlos,Curbelo,FL,RepCurbelo,608,rep
74198348,74198348,,0.594,R,R,Ted,Poe,TX,JudgeTedPoe,330,rep
312134473,312134473,,-0.508,D,D,Linda,Sánchez,CA,RepLindaSanchez,499,rep
1080509366,1080509366,,-0.225,D,D,Bill,Foster,IL,RepBillFoster,79,rep
2696643955,2696643955,,0.398,R,R,John,Moolenaar,MI,RepMoolenaar,78,rep
14275291,14275291,,0.244,R,R,Ileana,Ros-Lehtinen,FL,RosLehtinen,1265,rep
984456621417000960,984456621417000960,,-0.087,D,D,Conor,Lamb,PA,RepConorLamb,7,rep
18030431,18030431,,0.466,R,R,John,Carter,TX,JudgeCarter,210,rep
168502762,168502762,,-0.486,D,D,Eddie,Johnson,TX,RepEBJ,167,rep
811986281177772032,811986281177772032,,0.469,R,R,Trey,Hollingsworth,IN,reptrey,91,rep
1080844782,1080844782,,-0.107,D,D,Kyrsten,Sinema,AZ,RepSinema,608,rep
818536152588238849,818536152588238849,,-0.362,D,D,Vicente,Gonzalez,TX,RepGonzalez,149,rep
1060487274,1060487274,,0.626,R,R,Doug,Collins,GA,RepDougCollins,103,rep
25781141,25781141,,-0.378,D,D,Sander,Levin,MI,RepSandyLevin,272,rep
40302336,40302336,,-0.509,D,D,Jerrold,Nadler,NY,RepJerryNadler,1835,rep
2869746172,2869746172,,0.37,R,R,Dave,Trott,MI,repdavetrott,66,rep
816705409486618624,816705409486618624,,-0.198,D,D,Thomas,Suozzi,NY,RepTomSuozzi,99,rep
1058256326,1058256326,,0.366,R,R,Chris,Collins,NY,RepChrisCollins,148,rep
816298918468259841,816298918468259841,,-0.621,D,D,Ro,Khanna,CA,RepRoKhanna,915,rep
3044993235,3044993235,,-0.36,D,D,Ted,Lieu,CA,RepTedLieu,649,rep
584012853,584012853,,0.691,R,R,Doug,Lamborn,CO,RepDLamborn,219,rep
233737858,233737858,,0.602,R,R,Ron,Johnson,WI,SenRonJohnson,380,sen
242836537,242836537,,-0.37,D,D,Patrick,Leahy,VT,SenatorLeahy,946,sen
75364211,75364211,,0.414,R,R,Pat,Roberts,KS,SenPatRoberts,558,sen
72198806,72198806,,-0.41,D,D,Kirsten,Gillibrand,NY,SenGillibrand,270,sen
18915145,18915145,,0.374,R,R,Rob,Portman,OH,SenRobPortman,195,sen
486694111,486694111,,-0.38,D,D,Jack,Reed,RI,SenJackReed,300,sen
2891210047,2891210047,,0.466,R,R,Dan,Sullivan,AK,SenDanSullivan,93,sen
242555999,242555999,,-0.397,D,D,Sheldon,Whitehouse,RI,SenWhitehouse,725,sen
29442313,29442313,,-0.52,D,I,Bernard,Sanders,VT,SenSanders,593,sen
236511574,236511574,,-0.237,D,D,Gary,Peters,MI,SenGaryPeters,144,sen
18137749,18137749,,-0.391,D,D,Chris,Van Hollen,MD,ChrisVanHollen,434,sen
1099199839,1099199839,,-0.302,D,D,Martin,Heinrich,NM,MartinHeinrich,478,sen
18061669,18061669,,0.207,R,R,Lisa,Murkowski,AK,LisaMurkowski,230,sen
235217558,235217558,,0.454,R,R,Cory,Gardner,CO,SenCoryGardner,245,sen
76456274,76456274,,-0.331,D,D,Debbie,Stabenow,MI,SenStabenow,379,sen
2955485182,2955485182,,0.39,R,R,Mike,Rounds,SD,SenatorRounds,190,sen
1262099252,1262099252,,-0.417,D,D,Brian,Schatz,HI,SenBrianSchatz,81,sen
16056306,16056306,,0.855,R,R,Jeff,Flake,AZ,JeffFlake,128,sen
247334603,247334603,,-0.363,D,D,Richard,Durbin,IL,SenatorDurbin,510,sen
249787913,249787913,,-0.174,D,D,Thomas,Carper,DE,SenatorCarper,400,sen
234374703,234374703,,-0.057,D,D,Joe,Manchin,WV,Sen_JoeManchin,102,sen
555474658,555474658,,0.287,R,R,Thad,Cochran,MS,SenThadCochran,107,sen
5558312,5558312,,0.401,R,R,John,Boozman,AR,JohnBoozman,179,sen
2962923040,2962923040,,0.812,R,R,Ben,Sasse,NE,SenSasse,6,sen
171598736,171598736,,-0.304,D,D,Bob,Casey,PA,SenBobCasey,677,sen
20546536,20546536,,0.552,R,R,James,Inhofe,OK,InhofePress,71,sen
33537967,33537967,,-0.247,D,D,Amy,Klobuchar,MN,amyklobuchar,618,sen
968650362,968650362,,0.61,R,R,Tom,Cotton,AR,SenTomCotton,128,sen
382791093,382791093,,0.34,R,R,John,Hoeven,ND,SenJohnHoeven,115,sen
1074480192,1074480192,,0.819,R,R,Ted,Cruz,TX,SenTedCruz,565,sen
18695134,18695134,,-0.364,D,D,Robert,Menendez,NJ,SenatorMenendez,645,sen
941000686275387392,941000686275387392,,-0.343,D,D,Tina,Smith,MN,SenTinaSmith,162,sen
224285242,224285242,,-0.207,D,D,Michael,Bennet,CO,SenBennetCo,311,sen
24905240,24905240,,,R,R,Jon,Kyl,AZ,senjonkyl,0,sen
109287731,109287731,,-0.253,D,D,Jeanne,Shaheen,NH,SenatorShaheen,356,sen
234128524,234128524,,0.483,R,R,Todd,Young,IN,sentoddyoung,166,sen
216881337,216881337,,0.879,R,R,Rand,Paul,KY,RandPaul,770,sen
21111098,21111098,,0.431,R,R,Richard,Shelby,AL,SenShelby,63,sen
171968009,171968009,,-0.4,D,D,Al,Franken,MN,SenFranken,262,sen
60828944,60828944,,-0.453,D,D,Tom,Udall,NM,SenatorTomUdall,618,sen
217543151,217543151,,0.653,R,R,Tim,Scott,SC,SenatorTimScott,487,sen
150078976,150078976,,-0.306,D,D,Christopher,Murphy,CT,ChrisMurphyCT,397,sen
21269970,21269970,,0.43,R,R,Roy,Blunt,MO,RoyBlunt,140,sen
2964174789,2964174789,,0.426,R,R,Thom,Tillis,NC,senthomtillis,588,sen
19394188,19394188,,0.381,R,R,John,McCain,AZ,SenJohnMcCain,319,sen
17494010,17494010,,-0.351,D,D,Charles,Schumer,NY,SenSchumer,642,sen
250188760,250188760,,-0.321,D,D,Ron,Wyden,OR,RonWyden,346,sen
73303753,73303753,,0.395,R,R,Bob,Corker,TN,SenBobCorker,107,sen
10615232,10615232,,0.343,R,R,Charles,Grassley,IA,ChuckGrassley,4,sen
1058520120,1058520120,,-0.319,D,D,Tammy,Duckworth,IL,SenDuckworth,388,sen
983348251972816896,983348251972816896,,0.424,R,R,Cindy,Hyde-Smith,MS,SenHydeSmith,61,sen
14845376,14845376,,0.408,R,R,Lindsey,Graham,SC,GrahamBlog,0,sen
221162525,221162525,,0.638,R,R,Patrick,Toomey,PA,SenToomey,172,sen
76649729,76649729,,0.323,R,R,Lamar,Alexander,TN,SenAlexander,355,sen
21406834,21406834,,-0.504,D,D,Edward,Markey,MA,SenMarkey,1274,sen
515822213,515822213,,-0.21,D,D,Jon,Tester,MT,SenatorTester,499,sen
2856787757,2856787757,,0.518,R,R,Joni,Ernst,IA,SenJoniErnst,170,sen
193794406,193794406,,0.26,R,R,Shelley,Capito,WV,SenCapito,137,sen
15808765,15808765,,-0.615,D,D,Cory,Booker,NJ,CoryBooker,915,sen
29201047,29201047,,-0.48,D,D,Jeff,Merkley,OR,SenJeffMerkley,632,sen
21157904,21157904,,0.453,R,R,Richard,Burr,NC,SenatorBurr,123,sen
1071402577,1071402577,,0.467,R,R,Deb,Fischer,NE,SenatorFischer,253,sen
803694179079458816,803694179079458816,,-0.689,D,D,Kamala,Harris,CA,SenKamalaHarris,272,sen
216503958,216503958,,-0.119,D,D,Joe,Donnelly,IN,SenDonnelly,200,sen
1096059529,1096059529,,0.636,R,R,Jim,Risch,ID,SenatorRisch,434,sen
172858784,172858784,,-0.235,D,D,Tim,Kaine,VA,timkaine,329,sen
829794295355940866,829794295355940866,,0.56,R,R,Luther,Strange,AL,SenatorStrange,48,sen
57065141,57065141,,-0.142,D,D,Claire,McCaskill,MO,McCaskillOffice,339,sen
293131808,293131808,,-0.342,D,D,Patty,Murray,WA,PattyMurray,484,sen
18632666,18632666,,0.414,R,R,Jerry,Moran,KS,JerryMoran,178,sen
941080085121175552,941080085121175552,,-0.131,D,D,Doug,Jones,AL,SenDougJones,97,sen
816683274076614656,816683274076614656,,0.463,R,R,John,Kennedy,LA,SenJohnKennedy,320,sen
1068481578,1068481578,,-0.152,D,I,Angus,King,ME,SenAngusKing,224,sen
339822881,339822881,,0.403,R,R,Mitch,McConnell,KY,McConnellPress,146,sen
202206694,202206694,,0.533,R,R,John,Barrasso,WY,SenJohnBarrasso,204,sen
55677432,55677432,,0.452,R,R,Bill,Cassidy,LA,billcassidy,418,sen
43910797,43910797,,-0.438,D,D,Sherrod,Brown,OH,SenSherrodBrown,376,sen
266133081,266133081,,0.464,R,R,Dean,Heller,NV,SenDeanHeller,171,sen
1061029050,1061029050,,-0.122,D,D,Heidi,Heitkamp,ND,SenatorHeitkamp,431,sen
19726613,19726613,,0.11,R,R,Susan,Collins,ME,SenatorCollins,119,sen
291756142,291756142,,0.54,R,R,Michael,Enzi,WY,SenatorEnzi,181,sen
7429102,7429102,,-0.194,D,D,Mark,Warner,VA,MarkWarner,1030,sen
811313565760163844,811313565760163844,,-0.393,D,D,Catherine,Cortez Masto,NV,sencortezmasto,704,sen
13218102,13218102,,0.495,R,R,John,Cornyn,TX,JohnCornyn,845,sen
225921757,225921757,,0.575,R,R,James,Lankford,OK,SenatorLankford,389,sen
296361085,296361085,,0.41,R,R,John,Thune,SD,SenJohnThune,119,sen
2863210809,2863210809,,0.611,R,R,David,Perdue,GA,sendavidperdue,213,sen
600463589,600463589,,0.509,R,R,Michael,Crapo,ID,MikeCrapo,435,sen
262756641,262756641,,0.382,R,R,Orrin,Hatch,UT,SenOrrinHatch,979,sen
92186819,92186819,,-0.485,D,D,Mazie,Hirono,HI,MazieHirono,318,sen
970207298,970207298,,-0.764,D,D,Elizabeth,Warren,MA,SenWarren,249,sen
11651202,11651202,,0.544,R,R,Steve,Daines,MT,SteveDaines,453,sen
946549322,946549322,,-0.258,D,D,Margaret,Hassan,NH,Senatorhassan,462,sen
1074518754,1074518754,,-0.522,D,D,Tammy,Baldwin,WI,SenatorBaldwin,0,sen
20597460,20597460,,-0.193,D,D,Bill,Nelson,FL,SenBillNelson,33,sen
264219447,264219447,,0.377,R,R,Roger,Wicker,MS,SenatorWicker,376,sen
229966028,229966028,,0.576,R,R,Marco,Rubio,FL,SenRubioPress,237,sen
88784440,88784440,,0.922,R,R,Mike,Lee,UT,SenMikeLee,239,sen
435500714,435500714,,-0.243,D,D,Christopher,Coons,DE,SenCoonsOffice,0,sen
109071031,109071031,,-0.326,D,D,Benjamin,Cardin,MD,SenatorCardin,289,sen
78403308,78403308,,0.403,R,R,Johnny,Isakson,GA,SenatorIsakson,275,sen
278124059,278124059,,-0.424,D,D,Richard,Blumenthal,CT,SenBlumenthal,335,sen
117501995,117501995,,-0.292,D,D,Maria,Cantwell,WA,SenatorCantwell,306,sen
476256944,476256944,,-0.269,D,D,Dianne,Feinstein,CA,SenFeinstein,176,sen